"","X","Species","Order","Family","Genus","SV3","presence","genome.assembly","ott_id","flags","tips","SV.not.in.figure","climate"
"1",1,"Apistogramma commbrae","Cichliformes","Cichlidae","Apistogramma",0,"absent","",3636286,"","Apistogramma_commbrae","","tropical"
"2",2,"Monopterus cuchia","Synbranchiformes","Synbranchidae","Monopterus",0,"absent","",1067002,"","Monopterus_cuchia","","tropical"
"3",3,"Apistogramma borellii","Cichliformes","Cichlidae","Apistogramma",0,"absent","",3636296,"","Apistogramma_borellii","","tropical"
"4",4,"Apistogramma trifasciata","Cichliformes","Cichlidae","Apistogramma",0,"absent","",3636304,"","Apistogramma_trifasciata","","tropical"
"5",5,"Aphyocharax anisitsi","Characiformes","Characidae","Aphyocharax",0,"absent","",852942,"","Aphyocharax_anisitsi","y","NA"
"6",6,"Biotoecus opercularis","Cichliformes","Cichlidae","Biotoecus",0,"absent","",3636363,"","Biotoecus_opercularis","","tropical"
"7",7,"Danio rerio","Cypriniformes","Cyprinidae","Danio",0,"absent","y",1005914,"","Danio_rerio","","tropical"
"8",8,"Carassius auratus","Cypriniformes","Cyprinidae","Carassius",1,"present","y",1005907,"","Carassius_auratus","","subtropical"
"9",9,"Carassius carassius","Cypriniformes","Cyprinidae","Carassius",0,"absent","",1010092,"","Carassius_carassius","","temperate"
"10",10,"Channa gachua","Anabantiformes","Channidae","Channa",0,"absent","",589530,"","Channa_gachua","","tropical"
"11",11,"Channa punctata","Anabantiformes","Channidae","Channa",0,"absent","",1008460,"","Channa_punctata","","tropical"
"12",12,"Channa striata","Anabantiformes","Channidae","Channa",0,"absent","y",1048597,"","Channa_striata","","tropical"
"13",13,"Clarias batrachus","Siluriformes","Clariidae","Clarias",0.5,"present","y",107857,"","Clarias_batrachus","","tropical"
"14",14,"Gymnarchus niloticus","Osteoglossiformes","Gymnarchidae","Gymnarchus",0,"absent","y",115490,"","Gymnarchus_niloticus","","tropical"
"15",15,"Heteropneustes fossilis","Siluriformes","Heteropneustidae","Heteropneustes",0,"absent","",700872,"","Heteropneustes_fossilis","","tropical"
"16",16,"Ariopsis seemanni","Siluriformes","Ariidae","Ariopsis",1.5,"present","y",704267,"","Ariopsis_seemanni","","tropical"
"17",17,"Lepisosteus platyrhincus","Semionotiformes","Lepisosteidae","Lepisosteus",0,"absent","",804455,"","Lepisosteus_platyrhincus","y","NA"
"18",18,"Paracheirodon axelrodi","Characiformes","Characidae","Paracheirodon",0,"absent","",949795,"","Paracheirodon_axelrodi","y","tropical"
"19",19,"Pimelodus pictus","Siluriformes","Pimelodidae","Pimelodus",3,"present","",488963,"","Pimelodus_pictus","","tropical"
"20",20,"Oreochromis mossambicus","Cichliformes","Cichlidae","Oreochromis",0,"absent","y",288069,"sibling_higher","Oreochromis_mossambicus","","tropical"
"21",21,"Amia calva","Amiiformes","Amiidae","Amia",3,"present","y",329623,"","Amia_calva","","temperate"
"22",22,"Astyanax jordani","Characiformes","Characidae","Astyanax",1,"present","",1044706,"","Astyanax_jordani","","subtropical"
"23",23,"Astyanax mexicanus","Characiformes","Characidae","Astyanax",3.5,"present","y",701518,"","Astyanax_mexicanus","","subtropical, tropical"
"24",24,"Boulengerella cuvieri","Characiformes","Ctenoluciidae","Boulengerella",0,"absent","",3625788,"","Boulengerella_cuvieri","y","tropical"
"25",25,"Bovichtus diacanthus","Perciformes","Bovichtidae","Bovichtus",1,"present","y",842177,"","Bovichtus_diacanthus","","NA"
"26",26,"Caenotropus labyrinthicus","Characiformes","Chilodontidae","Caenotropus",0,"absent","",546967,"","Caenotropus_labyrinthicus","y","tropical"
"27",27,"Characidium fasciatum","Characiformes","Crenuchidae","Characidium",0,"absent","",442774,"","Characidium_fasciatum","y","tropical"
"28",28,"Chrosomus eos","Cypriniformes","Cyprinidae","Chrosomus",0,"absent","y",63845,"","Chrosomus_eos","y","boreal, temperate"
"29",29,"Citharinus latus","Characiformes","Citharinidae","Citharinus",0,"absent","",3624471,"","Citharinus_latus","y","tropical"
"30",30,"Clarias gariepinus","Siluriformes","Clariidae","Clarias",NA,"present","y",240811,"","Clarias_gariepinus","","tropical"
"31",31,"Clupea harengus","Clupeiformes","Clupeidae","Clupea",NA,"present","y",1005932,"","Clupea_harengus","","temperate"
"32",32,"Cottoperca trigloides","Perciformes","Bovichtidae","Cottoperca",0,"absent","",3635394,"","Cottoperca_trigloides","y","NA"
"33",33,"Cottus carolinae","Perciformes","Cottidae","Cottus",0,"absent","",466859,"","Cottus_carolinae","y","temperate"
"34",34,"Ctenopharyngodon idella","Cypriniformes","Cyprinidae","Ctenopharyngodon",1,"present","y",1005936,"","Ctenopharyngodon_idella","","temperate"
"35",35,"Diplomystes mesembrinus","Siluriformes","Diplomystidae","Diplomystes",1,"present","",536094,"","Diplomystes_mesembrinus","","NA"
"36",36,"Erpetoichthys calabaricus","Polypteriformes","Polypteridae","Erpetoichthys",NA,"present","y",451269,"","Erpetoichthys_calabaricus","","tropical"
"37",37,"Hemitilapia oxyrhynchus","Cichliformes","Cichlidae","Hemitilapia",0,"absent","",720886,"","Hemitilapia_oxyrhynchus","y","tropical"
"38",38,"Mimagoniates rheocharis","Characiformes","Characidae","Mimagoniates",0,"absent","",328359,"","Mimagoniates_rheocharis","y","NA"
"39",39,"Moenkhausia xinguensis","Characiformes","Characidae","Moenkhausia",0,"absent","",1095527,"","Moenkhausia_xinguensis","y","NA"
"40",40,"Oligosarcus pintoi","Characiformes","Characidae","Oligosarcus",0,"absent","",3624795,"","Oligosarcus_pintoi","y","tropical"
"41",41,"Poecilia latipinna","Cyprinodontiformes","Poeciliidae","Poecilia",0,"absent","y",998174,"","Poecilia_latipinna","y","subtropical"
"42",42,"Probolodus heterostomus","Characiformes","Characidae","Probolodus",0,"absent","",719847,"","Probolodus_heterostomus","y","NA"
"43",43,"Rhinogobius flumineus","Gobiiformes","Gobiidae","Rhinogobius",1,"present","",518755,"","Rhinogobius_flumineus","","subtropical"
"44",44,"Rhyacichthys aspro","Gobiiformes","Rhyacichthyidae","Rhyacichthys",0,"absent","y",652242,"","Rhyacichthys_aspro","y","tropical"
"45",45,"Salvelinus namaycush","Salmoniformes","Salmonidae","Salvelinus",0,"absent","y",114152,"","Salvelinus_namaycush","y","boreal"
"46",46,"Stygichthys typhlops","Characiformes","Characidae","Stygichthys",0,"absent","",2695,"incertae_sedis_inherited","Stygichthys_typhlops","y","NA"
"47",47,"Diplodus sargus","Spariformes","Sparidae","Diplodus",3.25,"present","y",239665,"","Diplodus_sargus","","subtropical"
"48",48,"Pseudocrenilabrus multicolor victoriae","Cichliformes","Cichlidae","Pseudocrenilabrus",0,"absent","",913077,"infraspecific","Pseudocrenilabrus_multicolor victoriae","y","NA"
"49",49,"Gambusia affinis","Cyprinodontiformes","Poeciliidae","Gambusia",0,"absent","y",617445,"","Gambusia_affinis","","temperate"
"50",50,"Coryphaena hippurus","Carangiformes","Coryphaenidae","Coryphaena",3,"present","",223663,"","Coryphaena_hippurus","","tropical"
"51",51,"Lepidocybium flavobrunneum","Scombriformes","Gempylidae","Lepidocybium",0,"absent","",24770,"","Lepidocybium_flavobrunneum","y","tropical"
"52",52,"Katsuwonus pelamis","Scombriformes","Scombridae","Katsuwonus",1,"present","y",308754,"","Katsuwonus_pelamis","","tropical"
"53",53,"Tetrapturus angustirostris","Istiophoriformes","Istiophoridae","Tetrapturus",0,"absent","",665887,"","Tetrapturus_angustirostris","y","tropical"
"54",54,"Kajikia audax","Istiophoriformes","Istiophoridae","Kajikia",0,"absent","",665891,"","Kajikia_audax","y","tropical"
"55",55,"Xiphias gladius","Istiophoriformes","Xiphiidae","Xiphias",0,"absent","y",358621,"","Xiphias_gladius","","tropical"
"56",56,"Alopias superciliosus","Lamniformes","Alopiidae","Alopias",0,"absent","",73666,"","Alopias_superciliosus","y","tropical"
"57",57,"Pseudocarcharias kamoharai","Lamniformes","Pseudocarchariidae","Pseudocarcharias",0,"absent","",647448,"","Pseudocarcharias_kamoharai","y","tropical"
"58",58,"Prionace glauca","Carcharhiniformes","Carcharhinidae","Prionace",0,"absent","",361523,"","Prionace_glauca","y","tropical"
"59",59,"Carcharhinus falciformis","Carcharhiniformes","Carcharhinidae","Carcharhinus",0,"absent","",787198,"","Carcharhinus_falciformis","y","tropical"
"60",60,"Lepomis cyanellus","Centrarchiformes","Centrarchidae","Lepomis",0,"absent","",476361,"","Lepomis_cyanellus","y","temperate"
"61",61,"Lepomis macrochirus","Centrarchiformes","Centrarchidae","Lepomis",2,"present","y",836783,"","Lepomis_macrochirus","","temperate"
"62",62,"Lepisosteus oculatus","Semionotiformes","Lepisosteidae","Lepisosteus",0,"absent","y",1028028,"","Lepisosteus_oculatus","y","temperate"
"63",63,"Poecilia mexicana","Cyprinodontiformes","Poeciliidae","Poecilia",0,"absent","y",6465,"","Poecilia_mexicana","y","NA"
"64",64,"Neolamprologus brichardi","Cichliformes","Cichlidae","Neolamprologus",0,"absent","y",279935,"","Neolamprologus_brichardi","","NA"
"65",65,"Nothobranchius furzeri","Cyprinodontiformes","Nothobranchiidae","Nothobranchius",0,"absent","y",513643,"","Nothobranchius_furzeri","","NA"
"66",66,"Odontesthes bonariensis","Atheriniformes","Atherinopsidae","Odontesthes",0,"absent","y",960735,"","Odontesthes_bonariensis","","tropical"
"67",67,"Oncorhynchus tshawytscha","Salmoniformes","Salmonidae","Oncorhynchus",0,"absent","y",730762,"","Oncorhynchus_tshawytscha","y","subtropical, temperate"
"68",68,"Rastrelliger brachysoma","Scombriformes","Scombridae","Rastrelliger",3,"present","y",916275,"","Rastrelliger_brachysoma","","tropical"
"69",69,"Xenotilapia ochrogenys","Cichliformes","Cichlidae","Xenotilapia",0,"absent","y",280955,"","Xenotilapia_ochrogenys","y","NA"
"70",70,"Callochromis pleurospilus","Cichliformes","Cichlidae","Callochromis",0,"absent","",702765,"","Callochromis_pleurospilus","y","NA"
"71",71,"Triglachromis otostigma","Cichliformes","Cichlidae","Triglachromis",0,"absent","y",223658,"","Triglachromis_otostigma","y","NA"
"72",72,"Petrochromis orthognathus","Cichliformes","Cichlidae","Petrochromis",0,"absent","y",841737,"","Petrochromis_orthognathus","y","NA"
"73",73,"Phoxinus phoxinus","Cypriniformes","Cyprinidae","Phoxinus",0,"absent","y",1019917,"","Phoxinus_phoxinus","","temperate"
"74",74,"Poecilia reticulata","Cyprinodontiformes","Poeciliidae","Poecilia",0,"absent","y",312452,"","Poecilia_reticulata","","NA"
"75",75,"Taeniacara candidi","Cichliformes","Cichlidae","Taeniacara",0,"absent","",128244,"","Taeniacara_candidi","","tropical"
"76",76,"Chaetodon miliaris","Chaetodontiformes","Chaetodontidae","Chaetodon",1,"present","",766706,"","Chaetodon_miliaris","","tropical"
"77",77,"Chaetodon multicinctus","Chaetodontiformes","Chaetodontidae","Chaetodon",1,"present","",766709,"","Chaetodon_multicinctus","","subtropical, tropical"
"78",78,"Cyprinus carpio","Cypriniformes","Cyprinidae","Cyprinus",1,"present","y",429083,"","Cyprinus_carpio","","temperate"
"79",79,"Echeneis naucrates","Carangiformes","Echeneidae","Echeneis",1,"present","y",776562,"","Echeneis_naucrates","","tropical"
"80",80,"Acarichthys heckelii","Cichliformes","Cichlidae","Acarichthys",NA,"present","",16170,"","Acarichthys_heckelii","","tropical"
"81",81,"Acipenser baerii","Acipenseriformes","Acipenseridae","Acipenser",3.25,"present","",518827,"","Acipenser_baerii","","boreal"
"82",82,"Acipenser transmontanus","Acipenseriformes","Acipenseridae","Acipenser",1,"present","y",378925,"","Acipenser_transmontanus","","boreal, subtropical"
"83",83,"Apareiodon affinis","Characiformes","Parodontidae","Apareiodon",NA,"present","",533482,"","Apareiodon_affinis","","tropical"
"84",84,"Conger myriaster","Anguilliformes","Congridae","Conger",3,"present","",479867,"","Conger_myriaster","","subtropical, temperate"
"85",85,"Cottoperca gobio","Perciformes","Bovichtidae","Cottoperca",NA,"present","y",867530,"","Cottoperca_gobio","","subtropical, temperate"
"86",86,"Dasyatis akajei","Myliobatiformes","Dasyatidae","Dasyatis",1,"present","",225332,"sibling_higher","Dasyatis_akajei","","NA"
"87",87,"Epinephelus adscensionis","Perciformes","Serranidae","Epinephelus",NA,"present","",534151,"","Epinephelus_adscensionis","","tropical"
"88",88,"Sander lucioperca","Perciformes","Percidae","Sander",3,"present","y",557682,"","Sander_lucioperca","","temperate"
"89",89,"Scophthalmus maximus","Pleuronectiformes","Scophthalmidae","Scophthalmus",2.25,"present","y",778695,"","Scophthalmus_maximus","","subtropical, temperate"
"90",90,"Pseudopleuronectes americanus","Pleuronectiformes","Pleuronectidae","Pseudopleuronectes",1,"present","y",261419,"","Pseudopleuronectes_americanus","","temperate"
"91",91,"Salminus brasiliensis","Characiformes","Bryconidae","Salminus",NA,"present","y",419009,"","Salminus_brasiliensis","","tropical"
"92",92,"Oncorhynchus mykiss irideus","Salmoniformes","Salmonidae","Oncorhynchus",3,"present","",578312,"infraspecific","Oncorhynchus_mykiss irideus","","NA"
"93",93,"Serrasalmus maculatus","Characiformes","Serrasalmidae","Serrasalmus",3,"present","",900276,"","Serrasalmus_maculatus","","tropical"
"94",94,"Silurus asotus","Siluriformes","Siluridae","Silurus",1,"present","y",967323,"","Silurus_asotus","","subtropical"
"95",95,"Sphoeroides rubripes","Tetraodontiformes","Tetraodontidae","Sphoeroides",NA,"present","",3631199,"","Sphoeroides_rubripes","","NA"
"96",96,"Enoplosus armatus","Centrarchiformes","Enoplosidae","Enoplosus",NA,"present","y",54499,"","Enoplosus_armatus","","subtropical"
"97",97,"Mystus bleekeri","Siluriformes","Bagridae","Mystus",NA,"present","",484171,"","Mystus_bleekeri","","subtropical, tropical"
"98",98,"Mystus cavasius","Siluriformes","Bagridae","Mystus",NA,"present","",394571,"","Mystus_cavasius","","tropical"
"99",99,"Mystus gulio","Siluriformes","Bagridae","Mystus",3.5,"present","",728947,"","Mystus_gulio","","tropical"
"100",100,"Sperata seenghala","Siluriformes","Bagridae","Sperata",NA,"present","",250296,"","Sperata_seenghala","","tropical"
"101",101,"Mystus tengara","Siluriformes","Bagridae","Mystus",NA,"present","",863892,"","Mystus_tengara","",""
"102",102,"Gogangra viridescens","Siluriformes","Sisoridae","Gogangra",NA,"present","",641167,"","Gogangra_viridescens","","subtropical, tropical"
"103",103,"Ompok bimaculatus","Siluriformes","Siluridae","Ompok",1,"present","y",670820,"","Ompok_bimaculatus","","tropical"
"104",104,"Polyodon spathula","Acipenseriformes","Polyodontidae","Polyodon",0.5,"present","y",904101,"","Polyodon_spathula","","temperate"
"105",105,"Silonia silondia","Siluriformes","Schilbeidae","Silonia",NA,"present","",350492,"","Silonia_silondia","","tropical"
"106",106,"Aequidens plagiozonatus","Cichliformes","Cichlidae","Aequidens",NA,"present","",3636223,"","Aequidens_plagiozonatus","","tropical"
"107",107,"Anguilla anguilla","Anguilliformes","Anguillidae","Anguilla",3,"present","y",854201,"","Anguilla_anguilla","","temperate"
"108",108,"Chelon labrosus","Mugiliformes","Mugilidae","Chelon",2,"present","y",777079,"","Chelon_labrosus","","subtropical"
"109",109,"Scyliorhinus canicula","Carcharhiniformes","Scyliorhinidae","Scyliorhinus",3.5,"present","",1026500,"","Scyliorhinus_canicula","","subtropical"
"110",110,"Piaractus brachypomus","Characiformes","Serrasalmidae","Piaractus",3,"present","",24657,"","Piaractus_brachypomus","","tropical"
"111",111,"Roeboexodon guyanensis","Characiformes","Characidae","Roeboexodon",NA,"present","",575376,"","Roeboexodon_guyanensis","","NA"
"112",112,"Anableps anableps","Cyprinodontiformes","Anablepidae","Anableps",0,"absent","y",349121,"","Anableps_anableps","","NA"
"113",113,"Aphyocharax dentatus","Characiformes","Characidae","Aphyocharax",0,"absent","",13154,"","Aphyocharax_dentatus","","tropical"
"114",114,"Arapaima gigas","Osteoglossiformes","Osteoglossidae","Arapaima",0,"absent","y",335725,"","Arapaima_gigas","","tropical"
"115",115,"Belonesox belizanus","Cyprinodontiformes","Poeciliidae","Belonesox",0,"absent","",913297,"","Belonesox_belizanus","","tropical"
"116",116,"Betta splendens","Anabantiformes","Osphronemidae","Betta",0,"absent","y",1033356,"","Betta_splendens","","tropical"
"117",117,"Channa micropeltes","Anabantiformes","Channidae","Channa",0,"absent","",332862,"","Channa_micropeltes","","tropical"
"118",118,"Charax leticiae","Characiformes","Characidae","Charax",0,"absent","",1091396,"","Charax_leticiae","","tropical"
"119",119,"Cobitis biwae","Cypriniformes","Cobitidae","Cobitis",0,"absent","",638827,"","Cobitis_biwae","","subtropical"
"120",120,"Cololabis saira","Beloniformes","Belonidae","Cololabis",0,"absent","y",427511,"","Cololabis_saira","","temperate"
"121",121,"Corydoras paleatus","Siluriformes","Callichthyidae","Corydoras",0,"absent","",267119,"","Corydoras_paleatus","","subtropical, tropical"
"122",122,"Crenicara punctulatum","Cichliformes","Cichlidae","Crenicara",0,"absent","",461830,"","Crenicara_punctulatum","","NA"
"123",123,"Cheilopogon heterurus","Beloniformes","Exocoetidae","Cheilopogon",0,"absent","",850211,"","Cheilopogon_heterurus","","subtropical"
"124",124,"Dermogenys pusilla","Beloniformes","Zenarchopteridae","Dermogenys",0,"absent","",139152,"","Dermogenys_pusilla","","tropical"
"125",125,"Dicentrarchus labrax","Perciformes","Moronidae","Dicentrarchus",3,"present","y",3549,"","Dicentrarchus_labrax","","subtropical"
"126",126,"Dicrossus warzeli","Cichliformes","Cichlidae","Dicrossus",0,"absent","",3636430,"","Dicrossus_warzeli","","tropical"
"127",127,"Electrophorus electricus","Gymnotiformes","Gymnotidae","Electrophorus",0,"absent","y",216168,"","Electrophorus_electricus","","tropical"
"128",128,"Esox lucius","Esociformes","Esocidae","Esox",0,"absent","y",739941,"","Esox_lucius","","temperate"
"129",129,"Exodon paradoxus","Characiformes","Characidae","Exodon",0,"absent","",335632,"","Exodon_paradoxus","","tropical"
"130",130,"Glossolepis incisus","Atheriniformes","Melanotaeniidae","Glossolepis",0,"absent","",976546,"","Glossolepis_incisus","","NA"
"131",131,"Gymnogeophagus balzanii","Cichliformes","Cichlidae","Gymnogeophagus",0,"absent","",416755,"","Gymnogeophagus_balzanii","","tropical"
"132",132,"Gymnogeophagus meridionalis","Cichliformes","Cichlidae","Gymnogeophagus",0,"absent","",450053,"","Gymnogeophagus_meridionalis","","subtropical, tropical"
"133",133,"Nimbochromis venustus","Cichliformes","Cichlidae","Nimbochromis",0,"absent","",888881,"","Nimbochromis_venustus","","NA"
"134",134,"Helostoma temminkii","Anabantiformes","Helostomatidae","Helostoma",0,"absent","y",754856,"","Helostoma_temminkii","","NA"
"135",135,"Hemichromis bimaculatus","Cichliformes","Cichlidae","Hemichromis",0,"absent","",312269,"","Hemichromis_bimaculatus","","NA"
"136",136,"Hemichromis guttatus","Cichliformes","Cichlidae","Hemichromis",0,"absent","",839353,"","Hemichromis_guttatus","","NA"
"137",137,"Hepsetus odoe","Characiformes","Hepsetidae","Hepsetus",3,"present","y",128234,"","Hepsetus_odoe","","tropical"
"138",138,"Heterocharax leptogrammus","Characiformes","Characidae","Heterocharax",0,"absent","",3624837,"","Heterocharax_leptogrammus","","tropical"
"139",139,"Heterotis niloticus","Osteoglossiformes","Osteoglossidae","Heterotis",0,"absent","y",916703,"","Heterotis_niloticus","","tropical"
"140",140,"Hypoatherina valenciennei","Atheriniformes","Atherinidae","Hypoatherina",0,"absent","",828581,"","Hypoatherina_valenciennei","","tropical"
"141",141,"Hyporhamphus sajori","Beloniformes","Hemiramphidae","Hyporhamphus",0,"absent","",496667,"","Hyporhamphus_sajori","","subtropical, temperate"
"142",142,"Iguanodectes spilurus","Characiformes","Iguanodectidae","Iguanodectes",0,"absent","",3625587,"","Iguanodectes_spilurus","","tropical"
"143",143,"Jordanella floridae","Cyprinodontiformes","Cyprinodontidae","Jordanella",0,"absent","",82326,"","Jordanella_floridae","","NA"
"144",144,"Luciocephalus pulcher","Anabantiformes","Osphronemidae","Luciocephalus",0,"absent","",377745,"","Luciocephalus_pulcher","","NA"
"145",145,"Metynnis hypsauchen","Characiformes","Serrasalmidae","Metynnis",1.5,"present","",506575,"","Metynnis_hypsauchen","","tropical"
"146",146,"Metynnis lippincottianus","Characiformes","Serrasalmidae","Metynnis",0,"absent","",1095505,"","Metynnis_lippincottianus","","tropical"
"147",147,"Mikrogeophagus ramirezi","Cichliformes","Cichlidae","Mikrogeophagus",3,"present","",316392,"","Mikrogeophagus_ramirezi","","tropical"
"148",148,"Misgurnus anguillicaudatus","Cypriniformes","Cobitidae","Misgurnus",0,"absent","y",312382,"","Misgurnus_anguillicaudatus","","subtropical"
"149",149,"Monopterus albus","Synbranchiformes","Synbranchidae","Monopterus",0,"absent","y",655999,"","Monopterus_albus","","tropical"
"150",150,"Phoxinus oxycephalus jouyi","Cypriniformes","Cyprinidae","Phoxinus",0,"absent","",343644,"infraspecific","Phoxinus_oxycephalus jouyi","","NA"
"151",151,"Myleus setiger","Characiformes","Serrasalmidae","Myleus",0,"absent","",985120,"","Myleus_setiger","","tropical"
"152",152,"Nothobranchius palmqvisti","Cyprinodontiformes","Nothobranchiidae","Nothobranchius",0,"absent","",3641410,"","Nothobranchius_palmqvisti","","NA"
"153",153,"Nannostomus beckfordi","Characiformes","Lebiasinidae","Nannostomus",0,"absent","",486012,"","Nannostomus_beckfordi","","tropical"
"154",154,"Oreochromis niloticus","Cichliformes","Cichlidae","Oreochromis",0,"absent","y",288063,"sibling_higher","Oreochromis_niloticus","","tropical"
"155",155,"Oryzias latipes","Beloniformes","Adrianichthyidae","Oryzias",0,"absent","y",942673,"","Oryzias_latipes","","tropical"
"156",156,"Osteoglossum bicirrhosum","Osteoglossiformes","Osteoglossidae","Osteoglossum",0,"absent","y",279997,"","Osteoglossum_bicirrhosum","","tropical"
"157",157,"Pantodon buchholzi","Osteoglossiformes","Pantodontidae","Pantodon",0,"absent","",108350,"","Pantodon_buchholzi","","tropical"
"158",158,"Piaractus mesopotamicus","Characiformes","Serrasalmidae","Piaractus",0,"absent","y",24652,"","Piaractus_mesopotamicus","","tropical"
"159",159,"Prochilodus lineatus","Characiformes","Prochilodontidae","Prochilodus",0,"absent","",1027734,"","Prochilodus_lineatus","","tropical"
"160",160,"Rhodeus ocellatus","Cypriniformes","Acheilognathidae","Rhodeus",0,"absent","",887027,"","Rhodeus_ocellatus","","temperate"
"161",161,"Roeboides descalvadensis","Characiformes","Characidae","Roeboides",0,"absent","",1077236,"","Roeboides_descalvadensis","","tropical"
"162",162,"Roeboides myersii","Characiformes","Characidae","Roeboides",0,"absent","",282557,"","Roeboides_myersii","","tropical"
"163",163,"Roeboides prognathus","Characiformes","Characidae","Roeboides",0,"absent","",3624826,"","Roeboides_prognathus","","tropical"
"164",164,"Scleropages jardinii","Osteoglossiformes","Osteoglossidae","Scleropages",0,"absent","",335719,"","Scleropages_jardinii","","tropical"
"165",165,"Serrapinnus notomelas","Characiformes","Characidae","Serrapinnus",0,"absent","",199867,"","Serrapinnus_notomelas","","tropical"
"166",166,"Serrasalmus rhombeus","Characiformes","Serrasalmidae","Serrasalmus",0,"absent","",382210,"","Serrasalmus_rhombeus","","tropical"
"167",167,"Sternopygus macrurus","Gymnotiformes","Sternopygidae","Sternopygus",0,"absent","",729097,"","Sternopygus_macrurus","","tropical"
"168",168,"Strongylura anastomella","Beloniformes","Belonidae","Strongylura",0,"absent","",703667,"","Strongylura_anastomella","","subtropical, temperate"
"169",169,"Teleocichla proselytus","Cichliformes","Cichlidae","Teleocichla",0,"absent","",493822,"","Teleocichla_proselytus","","tropical"
"170",170,"Marosatherina ladigesi","Atheriniformes","Telmatherinidae","Marosatherina",0,"absent","",296889,"","Marosatherina_ladigesi","","NA"
"171",171,"Pseudaspius hakonensis","Cypriniformes","Cyprinidae","Pseudaspius",0,"absent","",372585,"","Pseudaspius_hakonensis","","subtropical, temperate"
"172",172,"Triportheus nematurus","Characiformes","Triportheidae","Triportheus",0,"absent","",48234,"","Triportheus_nematurus","","tropical"
"173",173,"Xenentodon cancila","Beloniformes","Belonidae","Xenentodon",0,"absent","y",549052,"","Xenentodon_cancila","","tropical"
"174",174,"Epinephelus malabaricus","Perciformes","Serranidae","Epinephelus",0,"absent","y",463848,"","Epinephelus_malabaricus","","tropical"
"175",175,"Halichoeres trimaculatus","Labriformes","Labridae","Halichoeres",0,"absent","y",942026,"","Halichoeres_trimaculatus","","tropical"
"176",176,"Microschemobrycon callops","Characiformes","Characidae","Microschemobrycon",0.5,"present","",3625570,"","Microschemobrycon_callops","","tropical"
"177",177,"Acipenser gueldenstaedtii","Acipenseriformes","Acipenseridae","Acipenser",2,"present","y",378912,"","Acipenser_gueldenstaedtii","","temperate"
"178",178,"Amphilophus citrinellus","Cichliformes","Cichlidae","Amphilophus",1,"present","y",358037,"sibling_higher","Amphilophus_citrinellus","","NA"
"179",179,"Anguilla rostrata","Anguilliformes","Anguillidae","Anguilla",1,"present","y",854212,"","Anguilla_rostrata","","temperate"
"180",180,"Anthias anthias","Perciformes","Serranidae","Anthias",2.5,"present","y",1012253,"","Anthias_anthias","","subtropical"
"181",181,"Apteronotus albifrons","Gymnotiformes","Apteronotidae","Apteronotus",1,"present","",789557,"","Apteronotus_albifrons","","tropical"
"182",182,"Badis badis","Anabantiformes","Badidae","Badis",1,"present","",989135,"","Badis_badis","","tropical"
"183",183,"Lipolagus ochotensis","Argentiniformes","Bathylagidae","Lipolagus",1,"present","",562640,"","Lipolagus_ochotensis","","subtropical"
"184",184,"Biotodoma cupido","Cichliformes","Cichlidae","Biotodoma",1,"present","",667005,"","Biotodoma_cupido","","tropical"
"185",185,"Chromobotia macracanthus","Cypriniformes","Botiidae","Chromobotia",1,"present","y",225526,"","Chromobotia_macracanthus","","NA"
"186",186,"Bovichtus variegatus","Perciformes","Bovichtidae","Bovichtus",1,"present","y",448844,"","Bovichtus_variegatus","","temperate"
"187",187,"Paralichthys olivaceus","Pleuronectiformes","Paralichthyidae","Paralichthys",2,"present","y",883392,"","Paralichthys_olivaceus","","subtropical"
"188",188,"Carnegiella marthae","Characiformes","Gasteropelecidae","Carnegiella",1,"present","",94214,"","Carnegiella_marthae","","tropical"
"189",189,"Ceratoscopelus warmingii","Myctophiformes","Myctophidae","Ceratoscopelus",1,"present","",866187,"","Ceratoscopelus_warmingii","","tropical"
"190",190,"Chalceus guaporensis","Characiformes","Chalceidae","Chalceus",1,"present","",3624886,"","Chalceus_guaporensis","","tropical"
"191",191,"Champsocephalus gunnari","Perciformes","Channichthyidae","Champsocephalus",1,"present","y",684007,"","Champsocephalus_gunnari","","polar"
"192",192,"Gymnogobius urotaenia","Gobiiformes","Gobiidae","Gymnogobius",1,"present","",279775,"","Gymnogobius_urotaenia","","temperate"
"193",193,"Colossoma macropomum","Characiformes","Serrasalmidae","Colossoma",1,"present","y",24678,"","Colossoma_macropomum","","tropical"
"194",194,"Coptodon rendalli","Cichliformes","Cichlidae","Coptodon",1,"present","y",288060,"","Coptodon_rendalli","","tropical"
"195",195,"Coreoperca kawamebari","Centrarchiformes","Sinipercidae","Coreoperca",1,"present","",105922,"","Coreoperca_kawamebari","","NA"
"196",196,"Cyclothone atraria","Stomiiformes","Gonostomatidae","Cyclothone",1,"present","",127379,"","Cyclothone_atraria","","boreal, polar, subtropical, tropical"
"197",197,"Cynotilapia afra","Cichliformes","Cichlidae","Cynotilapia",1,"present","",132192,"","Cynotilapia_afra","","NA"
"198",198,"Cyprinion macrostomum","Cypriniformes","Cyprinidae","Cyprinion",1,"present","",493927,"","Cyprinion_macrostomum","","NA"
"199",199,"Diplophos taenia","Stomiiformes","Diplophidae","Diplophos",1,"present","",350314,"","Diplophos_taenia","","subtropical, temperate"
"200",200,"Eigenmannia virescens","Gymnotiformes","Sternopygidae","Eigenmannia",1,"present","",437387,"","Eigenmannia_virescens","","tropical"
"201",201,"Eleginops maclovinus","Perciformes","Eleginopidae","Eleginops",3,"present","y",816883,"","Eleginops_maclovinus","","temperate"
"202",202,"Engraulis japonicus","Clupeiformes","Engraulidae","Engraulis",1,"present","y",690902,"","Engraulis_japonicus","","tropical"
"203",203,"Etroplus maculatus","Cichliformes","Cichlidae","Etroplus",1,"present","",493427,"","Etroplus_maculatus","","NA"
"204",204,"Etrumeus teres","Clupeiformes","Dussumieriidae","Etrumeus",1,"present","",681340,"","Etrumeus_teres","","NA"
"205",205,"Eutropiichthys vacha","Siluriformes","Schilbeidae","Eutropiichthys",2,"present","",350498,"","Eutropiichthys_vacha","","tropical"
"206",206,"Gasteropelecus sternicla","Characiformes","Gasteropelecidae","Gasteropelecus",1,"present","",514221,"","Gasteropelecus_sternicla","","tropical"
"207",207,"Gastromyzon borneensis","Cypriniformes","Gastromyzontidae","Gastromyzon",1,"present","",3627855,"","Gastromyzon_borneensis","","NA"
"208",208,"Geophagus iporangensis","Cichliformes","Cichlidae","Geophagus",1,"present","",3636359,"","Geophagus_iporangensis","","NA"
"209",209,"Geophagus steindachneri","Cichliformes","Cichlidae","Geophagus",2,"present","",87568,"","Geophagus_steindachneri","","tropical"
"210",210,"Geophagus sveni","Cichliformes","Cichlidae","Geophagus",1,"present","",3636351,"","Geophagus_sveni","","tropical"
"211",211,"Glyptothorax pectinopterus","Siluriformes","Sisoridae","Glyptothorax",1,"present","",3621869,"","Glyptothorax_pectinopterus","","subtropical"
"212",212,"Gnathopogon caerulescens","Cypriniformes","Cyprinidae","Gnathopogon",1,"present","",325187,"","Gnathopogon_caerulescens","","subtropical"
"213",213,"Gobionotothen gibberifrons","Perciformes","Nototheniidae","Gobionotothen",1,"present","y",448828,"","Gobionotothen_gibberifrons","","polar, subtropical, tropical"
"214",214,"Goeldiella eques","Siluriformes","Heptapteridae","Goeldiella",1,"present","",502078,"","Goeldiella_eques","","tropical"
"215",215,"Sigmops gracilis","Stomiiformes","Gonostomatidae","Sigmops",1,"present","",648959,"","Sigmops_gracilis","","subtropical"
"216",216,"Guianacara dacrya","Cichliformes","Cichlidae","Guianacara",1,"present","",3636364,"","Guianacara_dacrya","","tropical"
"217",217,"Gymnocephalus cernua","Perciformes","Percidae","Gymnocephalus",1,"present","y",104323,"","Gymnocephalus_cernua","","temperate"
"218",218,"Harpagifer georgianus","Perciformes","Harpagiferidae","Harpagifer",1,"present","",350788,"","Harpagifer_georgianus","","polar, subtropical"
"219",219,"Hemibarbus barbus","Cypriniformes","Cyprinidae","Hemibarbus",1,"present","",655295,"","Hemibarbus_barbus","","NA"
"220",220,"Hoplias malabaricus","Characiformes","Erythrinidae","Hoplias",1,"present","y",179348,"","Hoplias_malabaricus","","tropical"
"221",221,"Hypostomus plecostomus","Siluriformes","Loricariidae","Hypostomus",1,"present","",96090,"","Hypostomus_plecostomus","","NA"
"222",222,"Ictalurus punctatus","Siluriformes","Ictaluridae","Ictalurus",1,"present","y",701523,"","Ictalurus_punctatus","","temperate"
"223",223,"Idiacanthus antrostomus","Stomiiformes","Stomiidae","Idiacanthus",1,"present","",890166,"","Idiacanthus_antrostomus","","subtropical, temperate"
"224",224,"Konosirus punctatus","Clupeiformes","Clupeidae","Konosirus",1,"present","",39743,"","Konosirus_punctatus","","subtropical, tropical"
"225",225,"Kryptopterus bicirrhis","Siluriformes","Siluridae","Kryptopterus",1,"present","",896070,"","Kryptopterus_bicirrhis","","tropical"
"226",226,"Lepidonotothen larseni","Perciformes","Nototheniidae","Lepidonotothen",1,"present","y",969899,"","Lepidonotothen_larseni","","NA"
"227",227,"Lestrolepis intermedia","Aulopiformes","Paralepididae","Lestrolepis",1,"present","",1057256,"","Lestrolepis_intermedia","","tropical"
"228",228,"Leuciscus idus","Cypriniformes","Cyprinidae","Leuciscus",1,"present","y",41137,"","Leuciscus_idus","","temperate"
"229",229,"Leucopsarion petersii","Gobiiformes","Gobiidae","Leucopsarion",1,"present","",331701,"","Leucopsarion_petersii","","subtropical, temperate, tropical"
"230",230,"Liza parsia","Mugiliformes","Mugilidae","Liza",1,"present","",728954,"","Liza_parsia","","NA"
"231",231,"Lophiosilurus alexandri","Siluriformes","Pseudopimelodidae","Lophiosilurus",2,"present","",498407,"","Lophiosilurus_alexandri","","tropical"
"232",232,"Luciogobius guttatus","Gobiiformes","Gobiidae","Luciogobius",1,"present","",868320,"","Luciogobius_guttatus","","temperate"
"233",233,"Mazarunia mazarunii","Cichliformes","Cichlidae","Mazarunia",1,"present","",8413,"","Mazarunia_mazarunii","","NA"
"234",234,"Microglanis cottoides","Siluriformes","Pseudopimelodidae","Microglanis",2,"present","",3624176,"","Microglanis_cottoides","","subtropical, tropical"
"235",235,"Micropterus salmoides","Centrarchiformes","Centrarchidae","Micropterus",2,"present","y",230493,"","Micropterus_salmoides","","temperate"
"236",236,"Mugil cephalus","Mugiliformes","Mugilidae","Mugil",3,"present","y",418648,"","Mugil_cephalus","","tropical"
"237",237,"Mylesinus paucisquamatus","Characiformes","Serrasalmidae","Mylesinus",1,"present","",506578,"","Mylesinus_paucisquamatus","","tropical"
"238",238,"Myleus torquatus","Characiformes","Serrasalmidae","Myleus",1,"present","",3625318,"","Myleus_torquatus","","NA"
"239",239,"Neogobius melanostomus","Gobiiformes","Gobiidae","Neogobius",1,"present","y",475633,"","Neogobius_melanostomus","","temperate"
"240",240,"Notothenia angustata","Perciformes","Nototheniidae","Notothenia",1,"present","",781788,"","Notothenia_angustata","","temperate"
"241",241,"Odontobutis obscura","Gobiiformes","Odontobutidae","Odontobutis",1,"present","",599816,"","Odontobutis_obscura","","NA"
"242",242,"Ophthalmolycus amberensis","Perciformes","Zoarcidae","Ophthalmolycus",1,"present","y",31294,"","Ophthalmolycus_amberensis","","subtropical"
"243",243,"Opsariichthys uncirostris","Cypriniformes","Cyprinidae","Opsariichthys",1,"present","",26746,"","Opsariichthys_uncirostris","","temperate"
"244",244,"Parachaenichthys charcoti","Perciformes","Bathydraconidae","Parachaenichthys",1,"present","",185362,"","Parachaenichthys_charcoti","","polar"
"245",245,"Paracheirodon innesi","Characiformes","Characidae","Paracheirodon",1,"present","",783059,"","Paracheirodon_innesi","","NA"
"246",246,"Paranotothenia magellanica","Perciformes","Nototheniidae","Paranotothenia",1,"present","",229704,"","Paranotothenia_magellanica","","temperate"
"247",247,"Patagonotothen ramsayi","Perciformes","Nototheniidae","Patagonotothen",1,"present","",525441,"","Patagonotothen_ramsayi","","subtropical, temperate"
"248",248,"Perca fluviatilis","Perciformes","Percidae","Perca",2,"present","y",186488,"","Perca_fluviatilis","","temperate"
"249",249,"Phenacogrammus interruptus","Characiformes","Alestidae","Phenacogrammus",1,"present","y",259776,"","Phenacogrammus_interruptus","","tropical"
"250",250,"Plecoglossus altivelis","Osmeriformes","Plecoglossidae","Plecoglossus",2,"present","y",486933,"","Plecoglossus_altivelis","","subtropical"
"251",251,"Pseudaphritis urvillii","Perciformes","Pseudaphritidae","Pseudaphritis",1,"present","y",292713,"","Pseudaphritis_urvillii","","NA"
"252",252,"Pseudogobio esocinus","Cypriniformes","Cyprinidae","Pseudogobio",1,"present","",424407,"","Pseudogobio_esocinus","","subtropical"
"253",253,"Pseudopimelodus mangurus","Siluriformes","Pseudopimelodidae","Pseudopimelodus",3,"present","",61478,"","Pseudopimelodus_mangurus","","tropical"
"254",254,"Pseudorasbora parva","Cypriniformes","Cyprinidae","Pseudorasbora",1,"present","y",205442,"","Pseudorasbora_parva","","subtropical"
"255",255,"Pungtungia herzi","Cypriniformes","Cyprinidae","Pungtungia",1,"present","",523420,"","Pungtungia_herzi","","subtropical"
"256",256,"Pygocentrus piraya","Characiformes","Serrasalmidae","Pygocentrus",1,"present","",900299,"","Pygocentrus_piraya","","NA"
"257",257,"Pygocentrus nattereri","Characiformes","Serrasalmidae","Pygocentrus",2,"present","y",649803,"","Pygocentrus_nattereri","","tropical"
"258",258,"Racovitzia glacialis","Perciformes","Bathydraconidae","Racovitzia",1,"present","",217712,"","Racovitzia_glacialis","","polar"
"259",259,"Rhinogobius brunneus","Gobiiformes","Gobiidae","Rhinogobius",1,"present","",238894,"","Rhinogobius_brunneus","","subtropical"
"260",260,"Salangichthys microdon","Osmeriformes","Salangidae","Salangichthys",1,"present","",348842,"","Salangichthys_microdon","","temperate"
"261",261,"Salmo salar","Salmoniformes","Salmonidae","Salmo",3,"present","y",688328,"","Salmo_salar","","temperate"
"262",262,"Sarcocheilichthys variegatus","Cypriniformes","Cyprinidae","Sarcocheilichthys",1,"present","",333930,"","Sarcocheilichthys_variegatus","","subtropical"
"263",263,"Sardinella zunasi","Clupeiformes","Clupeidae","Sardinella",1,"present","",39728,"","Sardinella_zunasi","","subtropical"
"264",264,"Sardinops melanostictus","Clupeiformes","Clupeidae","Sardinops",1,"present","",318896,"","Sardinops_melanostictus","","NA"
"265",265,"Satanoperca acuticeps","Cichliformes","Cichlidae","Satanoperca",1,"present","",784676,"","Satanoperca_acuticeps","","NA"
"266",266,"Ischikauia steenackeri","Cypriniformes","Cyprinidae","Ischikauia",1,"present","",84197,"","Ischikauia_steenackeri","","subtropical"
"267",267,"Steindachnerina brevipinna","Characiformes","Curimatidae","Steindachnerina",1,"present","",3624501,"","Steindachnerina_brevipinna","","tropical"
"268",268,"Synodontis nigriventris","Siluriformes","Mochokidae","Synodontis",1,"present","",315243,"","Synodontis_nigriventris","","tropical"
"269",269,"Takifugu alboplumbeus","Tetraodontiformes","Tetraodontidae","Takifugu",1,"present","",465414,"","Takifugu_alboplumbeus","","tropical"
"270",270,"Tridentiger obscurus","Gobiiformes","Gobiidae","Tridentiger",1,"present","",98404,"","Tridentiger_obscurus","","subtropical, tropical"
"271",271,"Vinciguerria nimbaria","Stomiiformes","Phosichthyidae","Vinciguerria",1,"present","",652358,"","Vinciguerria_nimbaria","","tropical"
"272",272,"Vomeridens infuscipinnis","Perciformes","Bathydraconidae","Vomeridens",1,"present","y",280419,"","Vomeridens_infuscipinnis","","polar, subtropical"
"273",273,"Zacco platypus","Cypriniformes","Cyprinidae","Zacco",1,"present","y",652452,"","Zacco_platypus","","subtropical"
"274",274,"Nipponocypris temminckii","Cypriniformes","Cyprinidae","Nipponocypris",1,"present","",361232,"","Nipponocypris_temminckii","","subtropical"
"275",275,"Acanthogobius flavimanus","Gobiiformes","Gobiidae","Acanthogobius",1.5,"present","",705150,"","Acanthogobius_flavimanus","","subtropical, temperate, tropical"
"276",276,"Acestrorhynchus altus","Characiformes","Acestrorhynchidae","Acestrorhynchus",1.5,"present","y",845247,"","Acestrorhynchus_altus","","tropical"
"277",277,"Acipenser ruthenus","Acipenseriformes","Acipenseridae","Acipenser",2.25,"present","y",378930,"","Acipenser_ruthenus","","temperate"
"278",278,"Bunocephalus coracoideus","Siluriformes","Aspredinidae","Bunocephalus",1.5,"present","",693715,"","Bunocephalus_coracoideus","","tropical"
"279",279,"Catoprion mento","Characiformes","Serrasalmidae","Catoprion",1.5,"present","",597343,"","Catoprion_mento","","tropical"
"280",280,"Chilodus punctatus","Characiformes","Chilodontidae","Chilodus",1.5,"present","",442783,"","Chilodus_punctatus","","tropical"
"281",281,"Synaptura selheimi","Pleuronectiformes","Soleidae","Brachirus",1.5,"present","",3640687,"","Synaptura_selheimi","","NA"
"282",282,"Glossogobius olivaceus","Gobiiformes","Gobiidae","Glossogobius",1.5,"present","",80171,"","Glossogobius_olivaceus","","subtropical"
"283",283,"Gyrinocheilus aymonieri","Cypriniformes","Gyrinocheilidae","Gyrinocheilus",1.5,"present","",341392,"","Gyrinocheilus_aymonieri","","tropical"
"284",284,"Hippocampus coronatus","Syngnathiformes","Syngnathidae","Hippocampus",1.5,"present","",503882,"","Hippocampus_coronatus","","temperate"
"285",285,"Macrognathus aculeatus","Synbranchiformes","Mastacembelidae","Macrognathus",2.25,"present","",758692,"","Macrognathus_aculeatus","","tropical"
"286",286,"Malapterurus electricus","Siluriformes","Malapteruridae","Malapterurus",1.5,"present","",566351,"","Malapterurus_electricus","","tropical"
"287",287,"Mastacembelus erythrotaenia","Synbranchiformes","Mastacembelidae","Mastacembelus",1.5,"present","",633395,"","Mastacembelus_erythrotaenia","","tropical"
"288",288,"Plotosus lineatus","Siluriformes","Plotosidae","Plotosus",1.5,"present","y",949069,"","Plotosus_lineatus","","tropical"
"289",289,"Tridentiger trigonocephalus","Gobiiformes","Gobiidae","Tridentiger",1.5,"present","",98400,"","Tridentiger_trigonocephalus","","temperate"
"290",290,"Abudefduf abdominalis","Acanthomorphata","Pomacentridae","Abudefduf",3,"present","",809329,"incertae_sedis_inherited","Abudefduf_abdominalis","","tropical"
"291",291,"Acanthopagrus schlegelii","Spariformes","Sparidae","Acanthopagrus",3,"present","y",380194,"","Acanthopagrus_schlegelii","","subtropical"
"292",292,"Acaronia nassa","Cichliformes","Cichlidae","Acaronia",3,"present","",170137,"","Acaronia_nassa","","tropical"
"293",293,"Acestrorhynchus falcatus","Characiformes","Acestrorhynchidae","Acestrorhynchus",3,"present","",845253,"","Acestrorhynchus_falcatus","","tropical"
"294",294,"Acipenser fulvescens","Acipenseriformes","Acipenseridae","Acipenser",3,"present","",698270,"","Acipenser_fulvescens","","temperate"
"295",295,"Acnodon normani","Characiformes","Serrasalmidae","Acnodon",3,"present","",179103,"","Acnodon_normani","","tropical"
"296",296,"Aeoliscus strigatus","Syngnathiformes","Centriscidae","Aeoliscus",3,"present","y",652346,"incertae_sedis_inherited","Aeoliscus_strigatus","","tropical"
"297",297,"Agamyxis pectinifrons","Siluriformes","Doradidae","Agamyxis",3,"present","",50909,"","Agamyxis_pectinifrons","","tropical"
"298",298,"Akarotaxis nudiceps","Perciformes","Bathydraconidae","Akarotaxis",3.25,"present","y",682053,"","Akarotaxis_nudiceps","","polar, subtropical"
"299",299,"Allenbatrachus grunniens","Batrachoidiformes","Batrachoididae","Allenbatrachus",3,"present","",706464,"","Allenbatrachus_grunniens","","tropical"
"300",300,"Amphiprion clarkii","Acanthomorphata","Pomacentridae","Amphiprion",3,"present","y",674637,"incertae_sedis_inherited","Amphiprion_clarkii","","tropical"
"301",301,"Anguilla japonica","Anguilliformes","Anguillidae","Anguilla",3,"present","y",854198,"","Anguilla_japonica","","subtropical"
"302",302,"Anoplopoma fimbria","Perciformes","Anoplopomatidae","Anoplopoma",1,"present","y",441856,"","Anoplopoma_fimbria","","boreal, polar, subtropical, temperate"
"303",303,"Arctoscopus japonicus","Perciformes","Trichodontidae","Arctoscopus",3,"present","",883978,"","Arctoscopus_japonicus","","polar, subtropical"
"304",304,"Asterropteryx semipunctata","Gobiiformes","Gobiidae","Asterropteryx",3,"present","",37552,"","Asterropteryx_semipunctata","","tropical"
"305",305,"Barbus petenyi","Cypriniformes","Cyprinidae","Barbus",3,"present","",763568,"","Barbus_petenyi","","subtropical"
"306",306,"Bathygobius fuscus","Gobiiformes","Gobiidae","Bathygobius",3,"present","",877729,"","Bathygobius_fuscus","","tropical"
"307",307,"Batrochoglanis raninus","Siluriformes","Pseudopimelodidae","Batrochoglanis",3,"present","",9881,"","Batrochoglanis_raninus","","tropical"
"308",308,"Brycon orbignyanus","Characiformes","Bryconidae","Brycon",3,"present","",206748,"","Brycon_orbignyanus","","tropical"
"309",309,"Bujurquina vittata","Cichliformes","Cichlidae","Bujurquina",3,"present","y",498815,"","Bujurquina_vittata","","tropical"
"310",310,"Centropyge bispinosa","Perciformes","Pomacanthidae","Centropyge",3,"present","",439843,"","Centropyge_bispinosa","","tropical"
"311",311,"Cephalosilurus fowleri","Siluriformes","Pseudopimelodidae","Cephalosilurus",3.25,"present","",3624192,"","Cephalosilurus_fowleri","","tropical"
"312",312,"Chaca chaca","Siluriformes","Chacidae","Chaca",3,"present","",45408,"","Chaca_chaca","","tropical"
"313",313,"Chaetobranchus flavescens","Cichliformes","Cichlidae","Chaetobranchus",3,"present","",744497,"","Chaetobranchus_flavescens","","tropical"
"314",314,"Chaetodon vagabundus","Chaetodontiformes","Chaetodontidae","Chaetodon",3,"present","",655872,"","Chaetodon_vagabundus","","tropical"
"315",315,"Channa sp.","Anabantiformes","Channidae","Channa",3,"present","",983868,"not_otu","Channa_sp.","","NA"
"316",316,"Chrysiptera cyanea","Acanthomorphata","Pomacentridae","Chrysiptera",3,"present","y",43505,"incertae_sedis_inherited","Chrysiptera_cyanea","","tropical"
"317",317,"Cichla kelberi","Cichliformes","Cichlidae","Cichla",3,"present","",187228,"","Cichla_kelberi","","tropical"
"318",318,"Cichlasoma dimerus","Cichliformes","Cichlidae","Cichlasoma",3,"present","",607611,"sibling_higher","Cichlasoma_dimerus","","tropical"
"319",319,"Thorichthys meeki","Cichliformes","Cichlidae","Thorichthys",3,"present","",207017,"","Thorichthys_meeki","","NA"
"320",320,"Cichlasoma paranaense","Cichliformes","Cichlidae","Cichlasoma",3,"present","",167686,"sibling_higher","Cichlasoma_paranaense","","tropical"
"321",321,"Cirrhinus mrigala","Cypriniformes","Cyprinidae","Cirrhinus",3,"present","y",10821,"","Cirrhinus_mrigala","","subtropical, tropical"
"322",322,"Coregonus lavaretus","Salmoniformes","Salmonidae","Coregonus",2,"present","y",872355,"","Coregonus_lavaretus","","temperate"
"323",323,"Cottus pollux","Perciformes","Cottidae","Cottus",3,"present","",1000752,"","Cottus_pollux","","subtropical"
"324",324,"Cruciglanis pacifici","Siluriformes","Pseudopimelodidae","Cruciglanis",3,"present","",3624195,"","Cruciglanis_pacifici","","tropical"
"325",325,"Ctenopoma acutirostre","Anabantiformes","Anabantidae","Ctenopoma",3,"present","",774818,"","Ctenopoma_acutirostre","",""
"326",326,"Dascyllus aruanus","Acanthomorphata","Pomacentridae","Dascyllus",3,"present","",49239,"incertae_sedis_inherited","Dascyllus_aruanus","","tropical"
"327",327,"Decapterus maruadsi","Carangiformes","Carangidae","Decapterus",3,"present","y",766162,"","Decapterus_maruadsi","","tropical"
"328",328,"Dictyosoma burgeri","Perciformes","Stichaeidae","Dictyosoma",3,"present","",783192,"","Dictyosoma_burgeri","","subtropical, temperate"
"329",329,"Dissostichus eleginoides","Perciformes","Nototheniidae","Dissostichus",3,"present","y",1040385,"","Dissostichus_eleginoides","","polar, temperate"
"330",330,"Ditrema temminckii","Acanthomorphata","Embiotocidae","Ditrema",3,"present","",43516,"incertae_sedis_inherited","Ditrema_temminckii","","temperate"
"331",331,"Doederleinia berycoides","Pempheriformes","Acropomatidae","Doederleinia",3,"present","",1005375,"","Doederleinia_berycoides","","tropical"
"332",332,"Pholis nebulosa","Perciformes","Pholidae","Pholis",3,"present","",1084060,"","Pholis_nebulosa","","subtropical"
"333",333,"Entomacrodus stellifer","Blenniiformes","Blenniidae","Entomacrodus",3,"present","",3639477,"","Entomacrodus_stellifer","","subtropical, tropical"
"334",334,"Eopsetta grigorjewi","Pleuronectiformes","Pleuronectidae","Eopsetta",3.25,"present","",331920,"","Eopsetta_grigorjewi","","subtropical"
"335",335,"Hyporthodus septemfasciatus","Perciformes","Serranidae","Hyporthodus",3,"present","",481019,"","Hyporthodus_septemfasciatus","","subtropical, temperate"
"336",336,"Epinephelus coioides","Perciformes","Serranidae","Epinephelus",3.25,"present","y",457795,"","Epinephelus_coioides","","tropical"
"337",337,"Favonigobius gymnauchen","Gobiiformes","Gobiidae","Favonigobius",3,"present","",100808,"","Favonigobius_gymnauchen","","tropical"
"338",338,"Pseudanthias squamipinnis","Perciformes","Serranidae","Pseudanthias",3,"present","",26905,"","Pseudanthias_squamipinnis","","tropical"
"339",339,"Gadus macrocephalus","Gadiformes","Gadidae","Gadus",3,"present","y",56885,"","Gadus_macrocephalus","","polar"
"340",340,"Gasterosteus aculeatus","Perciformes","Gasterosteidae","Gasterosteus",3,"present","y",401066,"","Gasterosteus_aculeatus","","temperate"
"341",341,"Gasterosteus aculeatus aculeatus","Perciformes","Gasterosteidae","Gasterosteus",3,"present","y",111122,"infraspecific","Gasterosteus_aculeatus aculeatus","","NA"
"342",342,"Girella punctata","Centrarchiformes","Kyphosidae","Girella",3,"present","",188324,"","Girella_punctata","","subtropical"
"343",343,"Glossanodon semifasciatus","Argentiniformes","Argentinidae","Glossanodon",3,"present","",562634,"","Glossanodon_semifasciatus","","subtropical"
"344",344,"Gnathonemus petersii","Osteoglossiformes","Mormyridae","Gnathonemus",3,"present","",115478,"","Gnathonemus_petersii","","tropical"
"345",345,"Gymnocorymbus ternetzi","Characiformes","Characidae","Gymnocorymbus",3,"present","",783051,"","Gymnocorymbus_ternetzi","","tropical"
"346",346,"Gymnodraco acuticeps","Perciformes","Bathydraconidae","Gymnodraco",3.5,"present","y",781785,"","Gymnodraco_acuticeps","","polar, subtropical"
"347",347,"Gymnotus pantherinus","Gymnotiformes","Gymnotidae","Gymnotus",3,"present","",445404,"","Gymnotus_pantherinus","","NA"
"348",348,"Parajulis poecilepterus","Labriformes","Labridae","Parajulis",3,"present","",127504,"","Parajulis_poecilepterus","","subtropical"
"349",349,"Halichoeres tenuispinis","Labriformes","Labridae","Halichoeres",3,"present","",1095891,"","Halichoeres_tenuispinis","","subtropical, temperate"
"350",350,"Batrachomoeus trispinosus","Batrachoidiformes","Batrachoididae","Batrachomoeus",3,"present","",713029,"","Batrachomoeus_trispinosus","","tropical"
"351",351,"Hemiodus semitaeniatus","Characiformes","Hemiodontidae","Hemiodus",3,"present","",3624386,"","Hemiodus_semitaeniatus","","tropical"
"352",352,"Hemiodus sterni","Characiformes","Hemiodontidae","Hemiodus",3,"present","",3624388,"","Hemiodus_sterni","","tropical"
"353",353,"Hexagrammos agrammus","Perciformes","Hexagrammidae","Hexagrammos",3,"present","",185865,"","Hexagrammos_agrammus","","subtropical, temperate"
"354",354,"Hippocampus guttulatus","Syngnathiformes","Syngnathidae","Hippocampus",3,"present","y",630164,"","Hippocampus_guttulatus","","subtropical"
"355",355,"Hypodytes rubripinnis","Perciformes","Tetrarogidae","Hypodytes",3,"present","y",463550,"","Hypodytes_rubripinnis","","NA"
"356",356,"Hypomesus nipponensis","Osmeriformes","Osmeridae","Hypomesus",3,"present","y",37114,"","Hypomesus_nipponensis","","subtropical, temperate"
"357",357,"Lagocephalus wheeleri","Tetraodontiformes","Tetraodontidae","Lagocephalus",3,"present","",986276,"","Lagocephalus_wheeleri","","subtropical"
"358",358,"Lateolabrax japonicus","Pempheriformes","Lateolabracidae","Lateolabrax",3,"present","",186480,"","Lateolabrax_japonicus","","subtropical"
"359",359,"Pseudomystus siamensis","Siluriformes","Bagridae","Pseudomystus",3,"present","",566357,"","Pseudomystus_siamensis","","tropical"
"360",360,"Nuchequula nuchalis","Chaetodontiformes","Leiognathidae","Nuchequula",3,"present","",89840,"","Nuchequula_nuchalis","","subtropical"
"361",361,"Lepidotrigla microptera","Perciformes","Triglidae","Lepidotrigla",3,"present","",438423,"","Lepidotrigla_microptera","","subtropical"
"362",362,"Leporinus fasciatus","Characiformes","Anostomidae","Leporinus",3,"present","",546980,"","Leporinus_fasciatus","","tropical"
"363",363,"Rutilus rutilus","Cypriniformes","Cyprinidae","Rutilus",3,"present","y",421037,"","Rutilus_rutilus","","temperate"
"364",364,"Pseudopleuronectes yokohamae","Pleuronectiformes","Pleuronectidae","Pseudopleuronectes",3,"present","y",608831,"","Pseudopleuronectes_yokohamae","","subtropical, temperate"
"365",365,"Planiliza haematocheilus","Mugiliformes","Mugilidae","Planiliza",3,"present","y",963124,"","Planiliza_haematocheilus","","temperate"
"366",366,"Inimicus japonicus","Perciformes","Synanceiidae","Inimicus",3,"present","",301023,"","Inimicus_japonicus","","subtropical"
"367",367,"Lophius litulon","Lophiiformes","Lophiidae","Lophius",3,"present","",607757,"","Lophius_litulon","","subtropical, temperate"
"368",368,"Microcanthus strigatus","Centrarchiformes","Kyphosidae","Microcanthus",3,"present","",188292,"","Microcanthus_strigatus","","subtropical"
"369",369,"Monodactylus argenteus","Perciformes","Monodactylidae","Monodactylus",3,"present","",763919,"","Monodactylus_argenteus","","tropical"
"370",370,"Mormyrus kannume","Osteoglossiformes","Mormyridae","Mormyrus",3,"present","",3643916,"","Mormyrus_kannume","","tropical"
"371",371,"Muraenolepis microps","Gadiformes","Muraenolepididae","Muraenolepis",3,"present","",185099,"","Muraenolepis_microps","","polar"
"372",372,"Nandus nandus","Anabantiformes","Nandidae","Nandus",3,"present","",196682,"","Nandus_nandus","","tropical"
"373",373,"Chitala chitala","Osteoglossiformes","Notopteridae","Chitala",3,"present","y",863123,"","Chitala_chitala","","tropical"
"374",374,"Notopterus notopterus","Osteoglossiformes","Notopteridae","Notopterus",3,"present","",904617,"","Notopterus_notopterus","","tropical"
"375",375,"Oncorhynchus masou","Salmoniformes","Salmonidae","Oncorhynchus",3,"present","",982404,"","Oncorhynchus_masou","","subtropical"
"376",376,"Oncorhynchus mykiss (species in domain Eukaryota)","Salmoniformes","Salmonidae","Oncorhynchus",3,"present","y",165368,"","Oncorhynchus_mykiss (species in domain Eukaryota)","","NA"
"377",377,"Oncorhynchus masou masou","Salmoniformes","Salmonidae","Oncorhynchus",2,"present","y",207835,"infraspecific","Oncorhynchus_masou masou","","NA"
"378",378,"Ophisurus macrorhynchos","Anguilliformes","Ophichthidae","Ophisurus",3,"present","",65747,"","Ophisurus_macrorhynchos","","subtropical"
"379",379,"Oplegnathus fasciatus","Centrarchiformes","Oplegnathidae","Oplegnathus",3,"present","y",711801,"","Oplegnathus_fasciatus","","subtropical"
"380",380,"Osphronemus goramy","Anabantiformes","Osphronemidae","Osphronemus",3,"present","",612525,"","Osphronemus_goramy","","tropical"
"381",381,"Oxycirrhites typus","Centrarchiformes","Cirrhitidae","Oxycirrhites",3,"present","",702709,"","Oxycirrhites_typus","","tropical"
"382",382,"Pagothenia borchgrevinki","Perciformes","Nototheniidae","Pagothenia",3,"present","y",781792,"","Pagothenia_borchgrevinki","","polar, subtropical"
"383",383,"Pagrus major","Spariformes","Sparidae","Pagrus",3,"present","y",765344,"","Pagrus_major","","subtropical"
"384",384,"Pangasius polyuranodon","Siluriformes","Pangasiidae","Pangasius",3,"present","",199220,"","Pangasius_polyuranodon","","tropical"
"385",385,"Papyrocranus afer","Osteoglossiformes","Notopteridae","Papyrocranus",3,"present","",239121,"","Papyrocranus_afer","","tropical"
"386",386,"Parachromis managuensis","Cichliformes","Cichlidae","Parachromis",3,"present","y",797202,"","Parachromis_managuensis","","NA"
"387",387,"Parapercis sexfasciata","Uranoscopiformes","Pinguipedidae","Parapercis",3,"present","",132534,"","Parapercis_sexfasciata","","subtropical, tropical"
"388",388,"Paraplagusia japonica","Pleuronectiformes","Cynoglossidae","Paraplagusia",3,"present","",126710,"","Paraplagusia_japonica","","subtropical"
"389",389,"Parapristipoma trilineatum","Lutjaniformes","Haemulidae","Parapristipoma",3,"present","",64274,"","Parapristipoma_trilineatum","","subtropical"
"390",390,"Parupeneus barberinoides","Syngnathiformes","Mullidae","Parupeneus",3,"present","",758968,"","Parupeneus_barberinoides","","tropical"
"391",391,"Parablennius yatabei","Blenniiformes","Blenniidae","Parablennius",3,"present","",155048,"","Parablennius_yatabei","","subtropical"
"392",392,"Ophichthus zophistius","Anguilliformes","Ophichthidae","Ophichthus",3,"present","",483995,"","Ophichthus_zophistius","","NA"
"393",393,"Platycephalus indicus","Perciformes","Platycephalidae","Platycephalus",3,"present","",599906,"","Platycephalus_indicus","","tropical"
"394",394,"Pleuragramma antarctica","Perciformes","Nototheniidae","Pleuragramma",3,"present","",303042,"","Pleuragramma_antarctica","","NA"
"395",395,"Pleuronichthys cornutus","Pleuronectiformes","Pleuronectidae","Pleuronichthys",3,"present","",891078,"","Pleuronichthys_cornutus","","subtropical"
"396",396,"Pogonophryne scotti","Perciformes","Artedidraconidae","Pogonophryne",3,"present","",659897,"","Pogonophryne_scotti","","polar"
"397",397,"Polypterus bichir","Polypteriformes","Polypteridae","Polypterus",3,"present","",735234,"","Polypterus_bichir","","tropical"
"398",398,"Porichthys notatus","Batrachoidiformes","Batrachoididae","Porichthys",3.5,"present","",720409,"","Porichthys_notatus","","temperate"
"399",399,"Pterophyllum scalare","Cichliformes","Cichlidae","Pterophyllum",3,"present","y",220929,"","Pterophyllum_scalare","","tropical"
"400",400,"Psenopsis anomala","Scombriformes","Centrolophidae","Psenopsis",3,"present","",137653,"","Psenopsis_anomala","","subtropical"
"401",401,"Pseudoblennius percoides","Perciformes","Cottidae","Pseudoblennius",3,"present","",3632196,"","Pseudoblennius_percoides","","subtropical"
"402",402,"Pseudolabrus japonicus","Labriformes","Labridae","Pseudolabrus",3,"present","",823202,"","Pseudolabrus_japonicus","","subtropical"
"403",403,"Pseudopimelodus bufonius","Siluriformes","Pseudopimelodidae","Pseudopimelodus",3,"present","",61474,"","Pseudopimelodus_bufonius","",""
"404",404,"Pterogobius elapoides","Gobiiformes","Gobiidae","Pterogobius",3,"present","",173379,"","Pterogobius_elapoides","","subtropical, tropical"
"405",405,"Pterogobius virgo","Gobiiformes","Gobiidae","Pterogobius",3,"present","",173385,"","Pterogobius_virgo","","subtropical, tropical"
"406",406,"Pteragogus flagellifer","Labriformes","Labridae","Pteragogus",3,"present","",351871,"","Pteragogus_flagellifer","","tropical"
"407",407,"Pyrrhulina australis","Characiformes","Lebiasinidae","Pyrrhulina",3,"present","",435753,"","Pyrrhulina_australis","","tropical"
"408",408,"Repomucenus richardsonii","Syngnathiformes","Callionymidae","Repomucenus",3,"present","",473931,"","Repomucenus_richardsonii","","NA"
"409",409,"Rita rita","Siluriformes","Bagridae","Rita",3,"present","",23762,"","Rita_rita","","subtropical"
"410",410,"Oncorhynchus mykiss gairdneri","Salmoniformes","Salmonidae","Oncorhynchus",3,"present","y",57412,"infraspecific","Oncorhynchus_mykiss gairdneri","","NA"
"411",411,"Salvelinus leucomaenis","Salmoniformes","Salmonidae","Salvelinus",3,"present","",688317,"","Salvelinus_leucomaenis","","temperate"
"412",412,"Salvelinus fontinalis","Salmoniformes","Salmonidae","Salvelinus",3,"present","y",688339,"","Salvelinus_fontinalis","","temperate"
"413",413,"Sargocentron sp.","Holocentriformes","Holocentridae","Sargocentron",3,"present","",983871,"not_otu, incertae_sedis","Sargocentron_sp.","","NA"
"414",414,"Saurida undosquamis","Aulopiformes","Synodontidae","Saurida",3,"present","",802170,"","Saurida_undosquamis","","tropical"
"415",415,"Scatophagus argus","Acanthuriformes","Scatophagidae","Scatophagus",3,"present","y",773212,"","Scatophagus_argus","","tropical"
"416",416,"Scomber japonicus","Scombriformes","Scombridae","Scomber",3,"present","y",70556,"","Scomber_japonicus","","tropical"
"417",417,"Sebastes inermis","Perciformes","Sebastidae","Sebastes",3,"present","y",767460,"sibling_higher","Sebastes_inermis","","subtropical"
"418",418,"Sebastes schlegelii","Perciformes","Sebastidae","Sebastes",3.25,"present","y",206127,"sibling_higher","Sebastes_schlegelii","","subtropical, temperate"
"419",419,"Sebastes hubbsi","Perciformes","Sebastidae","Sebastes",3,"present","y",778320,"sibling_higher","Sebastes_hubbsi","","subtropical, temperate"
"420",420,"Sebastiscus marmoratus","Perciformes","Sebastidae","Sebastiscus",3,"present","",986386,"","Sebastiscus_marmoratus","","subtropical"
"421",421,"Seriola quinqueradiata","Carangiformes","Carangidae","Seriola",3,"present","y",186469,"","Seriola_quinqueradiata","","subtropical"
"422",422,"Siganus fuscescens","Acanthuriformes","Siganidae","Siganus",3,"present","y",927037,"","Siganus_fuscescens","","tropical"
"423",423,"Sillago japonica","Perciformes","Sillaginidae","Sillago",3,"present","",56114,"","Sillago_japonica","","subtropical"
"424",424,"Solea senegalensis","Pleuronectiformes","Soleidae","Solea",3,"present","y",366998,"","Solea_senegalensis","","subtropical"
"425",425,"Sphaeramia nematoptera","Kurtiformes","Apogonidae","Sphaeramia",3,"present","",799234,"","Sphaeramia_nematoptera","","tropical"
"426",426,"Sphyraena pinguis","Acanthomorphata","Sphyraenidae","Sphyraena",3,"present","",691678,"incertae_sedis_inherited","Sphyraena_pinguis","","subtropical"
"427",427,"Steindachneridion parahybae","Siluriformes","Pimelodidae","Steindachneridion",3,"present","",297574,"","Steindachneridion_parahybae","","NA"
"428",428,"Stephanolepis cirrhifer","Tetraodontiformes","Monacanthidae","Stephanolepis",3,"present","",191033,"","Stephanolepis_cirrhifer","","subtropical"
"429",429,"Symphysodon aequifasciata","Cichliformes","Cichlidae","Symphysodon",3,"present","",220923,"","Symphysodon_aequifasciata","","NA"
"430",430,"Syngnathus schlegeli","Syngnathiformes","Syngnathidae","Syngnathus",3,"present","",259361,"","Syngnathus_schlegeli","","subtropical"
"431",431,"Takifugu pardalis","Tetraodontiformes","Tetraodontidae","Takifugu",3,"present","",407058,"","Takifugu_pardalis","","subtropical, temperate"
"432",432,"Takifugu xanthopterus","Tetraodontiformes","Tetraodontidae","Takifugu",3,"present","",139541,"","Takifugu_xanthopterus","","subtropical"
"433",433,"Tetraodon fluviatilis","Tetraodontiformes","Tetraodontidae","Tetraodon",3,"present","",120277,"","Tetraodon_fluviatilis","","NA"
"434",434,"Thamnaconus modestus","Tetraodontiformes","Monacanthidae","Thamnaconus",3,"present","",793159,"","Thamnaconus_modestus","","subtropical"
"435",435,"Toxotes jaculatrix","Acanthomorphata","Toxotidae","Toxotes",3,"present","y",712588,"incertae_sedis_inherited","Toxotes_jaculatrix","","tropical"
"436",436,"Toxotes chatareus","Acanthomorphata","Toxotidae","Toxotes",3,"present","y",367548,"incertae_sedis_inherited","Toxotes_chatareus","","tropical"
"437",437,"Trachurus japonicus","Carangiformes","Carangidae","Trachurus",3,"present","y",43502,"","Trachurus_japonicus","","subtropical"
"438",438,"Trichiurus lepturus","Scombriformes","Trichiuridae","Trichiurus",3,"present","",143398,"extinct","Trichiurus_lepturus","","tropical"
"439",439,"Trichogaster fasciata","Anabantiformes","Osphronemidae","Trichogaster",3,"present","",1089987,"","Trichogaster_fasciata","","subtropical"
"440",440,"Trichopodus leerii","Anabantiformes","Osphronemidae","Trichopodus",3,"present","",785740,"","Trichopodus_leerii","","NA"
"441",441,"Trogloglanis pattersoni","Siluriformes","Ictaluridae","Trogloglanis",3,"present","y",3624008,"","Trogloglanis_pattersoni","","subtropical"
"442",442,"Utiaritichthys sennaebragai","Characiformes","Serrasalmidae","Utiaritichthys",3,"present","",3625952,"","Utiaritichthys_sennaebragai","","tropical"
"443",443,"Xenomystus nigri","Osteoglossiformes","Notopteridae","Xenomystus",3,"present","",863129,"","Xenomystus_nigri","","tropical"
"444",444,"Zanclus cornutus","Acanthuriformes","Zanclidae","Zanclus",3,"present","y",199070,"","Zanclus_cornutus","","tropical"
"445",445,"Zebrasoma velifer","Acanthuriformes","Acanthuridae","Zebrasoma",3,"present","",3638940,"","Zebrasoma_velifer","","tropical"
"446",446,"Zeus faber","Zeiformes","Zeidae","Zeus",3,"present","y",918920,"","Zeus_faber","","subtropical"
"447",447,"Platichthys flesus","Pleuronectiformes","Pleuronectidae","Platichthys",3,"present","y",408331,"","Platichthys_flesus","","temperate"
"448",448,"Agoniates halecinus","Characiformes","Characidae","Agoniates",3.5,"present","",673669,"","Agoniates_halecinus","","tropical"
"449",449,"Astyanax altiparanae","Characiformes","Characidae","Astyanax",3.5,"present","",466082,"","Astyanax_altiparanae","","tropical"
"450",450,"Chalceus erythrurus","Characiformes","Chalceidae","Chalceus",3.5,"present","",990648,"","Chalceus_erythrurus","","tropical"
"451",451,"Chionodraco hamatus","Perciformes","Channichthyidae","Chionodraco",3.5,"present","y",185365,"","Chionodraco_hamatus","","polar, subtropical"
"452",452,"Cynodon gibbus","Characiformes","Characidae","Cynodon",3.5,"present","",545269,"","Cynodon_gibbus","","tropical"
"453",453,"Dissostichus mawsoni","Perciformes","Nototheniidae","Dissostichus",3.5,"present","y",504786,"","Dissostichus_mawsoni","","polar, subtropical"
"454",454,"Dolloidraco longedorsalis","Perciformes","Artedidraconidae","Dolloidraco",3.5,"present","y",268810,"","Dolloidraco_longedorsalis","","subtropical"
"455",455,"Hoplerythrinus unitaeniatus","Characiformes","Erythrinidae","Hoplerythrinus",3.5,"present","",719840,"","Hoplerythrinus_unitaeniatus","","tropical"
"456",456,"Larimichthys crocea","Perciformes","Sciaenidae","Larimichthys",3.5,"present","y",679823,"","Larimichthys_crocea","","subtropical"
"457",457,"Lepisosteus osseus","Semionotiformes","Lepisosteidae","Lepisosteus",3.5,"present","y",519445,"","Lepisosteus_osseus","","temperate"
"458",458,"Myloplus rubripinnis","Characiformes","Serrasalmidae","Myloplus",3.5,"present","",753357,"","Myloplus_rubripinnis","","tropical"
"459",459,"Notothenia coriiceps","Perciformes","Nototheniidae","Notothenia",3.5,"present","y",258643,"","Notothenia_coriiceps","","subtropical"
"460",460,"Paraliparis devriesi","Perciformes","Liparidae","Paraliparis",3.5,"present","",3631818,"","Paraliparis_devriesi","","polar"
"461",461,"Pimelodus maculatus","Siluriformes","Pimelodidae","Pimelodus",3.5,"present","y",386663,"","Pimelodus_maculatus","","tropical"
"462",462,"Rhoadsia altipinna","Characiformes","Characidae","Rhoadsia",3.5,"present","",3625978,"","Rhoadsia_altipinna","","NA"
"463",463,"Salminus hilarii","Characiformes","Bryconidae","Salminus",3.5,"present","",180301,"","Salminus_hilarii","","tropical"
"464",464,"Satan eurystomus","Siluriformes","Ictaluridae","Satan",3.5,"present","",3624005,"","Satan_eurystomus","","subtropical"
"465",465,"Schizodon nasutus","Characiformes","Anostomidae","Schizodon",3.5,"present","",469757,"","Schizodon_nasutus","","tropical"
"466",466,"Scorpaena porcus","Perciformes","Scorpaenidae","Scorpaena",3.5,"present","",223715,"","Scorpaena_porcus","","subtropical"
"467",467,"Tetragonopterus argenteus","Characiformes","Characidae","Tetragonopterus",3.5,"present","",282555,"","Tetragonopterus_argenteus","","tropical"
"468",468,"Trematomus bernacchii","Perciformes","Nototheniidae","Trematomus",3.5,"present","y",985361,"","Trematomus_bernacchii","","subtropical"
"469",469,"Trematomus lepidorhinus","Perciformes","Nototheniidae","Trematomus",3.5,"present","",985371,"","Trematomus_lepidorhinus","","polar"
"470",470,"Trematomus loennbergii","Perciformes","Nototheniidae","Trematomus",3.5,"present","y",985377,"","Trematomus_loennbergii","","subtropical"
"471",471,"Amblyopsis spelaea","Percopsiformes","Amblyopsidae","Amblyopsis",1,"present","y",223533,"","Amblyopsis_spelaea","","subtropical"
"472",472,"Boleophthalmus pectinirostris","Gobiiformes","Gobiidae","Boleophthalmus",3,"present","y",47553,"","Boleophthalmus_pectinirostris","","tropical"
"473",473,"Etroplus suratensis","Cichliformes","Cichlidae","Etroplus",1,"present","y",640316,"","Etroplus_suratensis","","tropical"
"474",474,"Gadus morhua (species in domain Eukaryota)","Gadiformes","Gadidae","Gadus",0,"absent","y",114170,"","Gadus_morhua (species in domain Eukaryota)","","NA"
"475",475,"Astronotus ocellatus","Cichliformes","Cichlidae","Astronotus",3,"present","",952936,"","Astronotus_ocellatus","","tropical"
"476",476,"Andinoacara latifrons","Cichliformes","Cichlidae","Andinoacara",3,"present","",334264,"","Andinoacara_latifrons","","tropical"
"477",477,"Rocio octofasciata","Cichliformes","Cichlidae","Rocio",3,"present","",570005,"","Rocio_octofasciata","","NA"
"478",478,"Heros severus","Cichliformes","Cichlidae","Heros",3,"present","",547065,"","Heros_severus","","tropical"
"479",479,"Haplochromis sp.","Cichliformes","Cichlidae","Haplochromis",0,"absent","",737833,"not_otu, incertae_sedis","Haplochromis_sp.","","NA"
"480",480,"Pelvicachromis taeniatus","Cichliformes","Cichlidae","Pelvicachromis",0,"absent","y",66663,"","Pelvicachromis_taeniatus","","tropical"
"481",481,"Steatocranus casuarius","Cichliformes","Cichlidae","Steatocranus",0,"absent","",911145,"","Steatocranus_casuarius","",""
"482",482,"Melanochromis auratus","Cichliformes","Cichlidae","Melanochromis",0,"absent","y",855526,"","Melanochromis_auratus","","NA"
"483",483,"Oreochromis esculentus","Cichliformes","Cichlidae","Oreochromis",0,"absent","",406449,"sibling_higher","Oreochromis_esculentus","","tropical"
"484",484,"Coptodon zillii","Cichliformes","Cichlidae","Coptodon",0,"absent","",862692,"","Coptodon_zillii","","tropical"
"485",485,"Oreochromis spilurus","Cichliformes","Cichlidae","Oreochromis",0,"absent","y",5558327,"sibling_higher","Oreochromis_spilurus","","tropical"
"486",486,"Tilapia sparrmanii","Cichliformes","Cichlidae","Tilapia",0,"absent","y",911151,"","Tilapia_sparrmanii","","tropical"
"487",487,"Oreochromis variabilis","Cichliformes","Cichlidae","Oreochromis",0,"absent","",688559,"sibling_higher","Oreochromis_variabilis","","tropical"
"488",488,"Tor putitora","Cypriniformes","Cyprinidae","Tor",NA,"present","",720179,"","Tor_putitora","","subtropical"
"489",489,"Gadella jordani","Gadiformes","Moridae","Gadella",3,"present","",89173,"","Gadella_jordani","","subtropical"
"490",490,"Gadus chalcogrammus","Gadiformes","Gadidae","Gadus",3,"present","y",1056842,"","Gadus_chalcogrammus","","polar"
"491",491,"Bregmaceros japonicus","Gadiformes","Bregmacerotidae","Bregmaceros",0,"absent","",3630525,"","Bregmaceros_japonicus","","subtropical"
"492",492,"Coelorinchus smithi","Gadiformes","Macrouridae","Coelorinchus",3,"present","",759483,"","Coelorinchus_smithi","","subtropical"
"493",493,"Opsanus beta","Batrachoidiformes","Batrachoididae","Opsanus",1,"present","y",478186,"","Opsanus_beta","","tropical"
"494",494,"Microlepidogaster perforatus","Siluriformes","Loricariidae","Microlepidogaster",0,"absent","",949995,"","Microlepidogaster_perforatus","y","NA"
"495",495,"Hypostomus ancistroides","Siluriformes","Loricariidae","Hypostomus",0,"absent","",698168,"","Hypostomus_ancistroides","y","tropical"
"496",496,"Eurycheilichthys pantherinus","Siluriformes","Loricariidae","Eurycheilichthys",0,"absent","",78431,"","Eurycheilichthys_pantherinus","y","subtropical"
"497",497,"Acestridium discus","Siluriformes","Loricariidae","Acestridium",0,"absent","",925559,"","Acestridium_discus","y","tropical"
"498",498,"Neoplecostomus langeanii","Siluriformes","Loricariidae","Neoplecostomus",0,"absent","",92659,"","Neoplecostomus_langeanii","y","tropical"
"499",499,"Otothyris rostrata","Siluriformes","Loricariidae","Otothyris",0,"absent","",3622970,"","Otothyris_rostrata","y","NA"
"500",500,"Epactionotus bilineatus","Siluriformes","Loricariidae","Epactionotus",0,"absent","",1013586,"","Epactionotus_bilineatus","y","NA"
"501",501,"Chauliocheilos saxatilis","Siluriformes","Loricariidae","Chauliocheilos",0,"absent","",6141697,"","Chauliocheilos_saxatilis","y","tropical"
"502",502,"Neoplecostomus microps","Siluriformes","Loricariidae","Neoplecostomus",0,"absent","",122084,"","Neoplecostomus_microps","y","NA"
"503",503,"Oxyropsis wrightiana","Siluriformes","Loricariidae","Oxyropsis",0,"absent","",983234,"","Oxyropsis_wrightiana","y","tropical"
"504",504,"Plesioptopoma curvidens","Siluriformes","Loricariidae","Plesioptopoma",0,"absent","",92600,"","Plesioptopoma_curvidens","y","tropical"
"505",505,"Delturus carinotus","Siluriformes","Loricariidae","Delturus",3,"present","",440099,"","Delturus_carinotus","","NA"
"506",506,"Corumbataia cuestae","Siluriformes","Loricariidae","Corumbataia",0,"absent","",969822,"","Corumbataia_cuestae","y","NA"
"507",507,"Otothyropsis marapoama","Siluriformes","Loricariidae","Otothyropsis",0,"absent","",549974,"","Otothyropsis_marapoama","y","tropical"
"508",508,"Otothyris lophophanes","Siluriformes","Loricariidae","Otothyris",0,"absent","",3622971,"","Otothyris_lophophanes","y","NA"
"509",509,"Neoplecostomus yapo","Siluriformes","Loricariidae","Neoplecostomus",0,"absent","",921240,"","Neoplecostomus_yapo","y","tropical"
"510",510,"Neoplecostomus ribeirensis","Siluriformes","Loricariidae","Neoplecostomus",0,"absent","",144216,"","Neoplecostomus_ribeirensis","y","NA"
"511",511,"Otocinclus affinis","Siluriformes","Loricariidae","Otocinclus",0,"absent","",122089,"","Otocinclus_affinis","y","NA"
"512",512,"Schizolecis guntheri","Siluriformes","Loricariidae","Schizolecis",0,"absent","",950003,"","Schizolecis_guntheri","y","NA"
"513",513,"Pareiorhina rudolphi","Siluriformes","Loricariidae","Pareiorhina",0,"absent","",1076718,"","Pareiorhina_rudolphi","y","tropical"
"514",514,"Neoplecostomus selenae","Siluriformes","Loricariidae","Neoplecostomus",0,"absent","",856545,"","Neoplecostomus_selenae","y","tropical"
"515",515,"Isbrueckerichthys duseni","Siluriformes","Loricariidae","Isbrueckerichthys",0,"absent","",549964,"","Isbrueckerichthys_duseni","y","NA"
"516",516,"Gymnotocinclus anosteos","Siluriformes","Loricariidae","Gymnotocinclus",0,"absent","",406942,"","Gymnotocinclus_anosteos","y","tropical"
"517",517,"Parotocinclus jumbo","Siluriformes","Loricariidae","Parotocinclus",0,"absent","",346677,"","Parotocinclus_jumbo","y","NA"
"518",518,"Pareiorhina carrancas","Siluriformes","Loricariidae","Pareiorhina",0,"absent","",144230,"","Pareiorhina_carrancas","y","tropical"
"519",519,"Parotocinclus prata","Siluriformes","Loricariidae","Parotocinclus",0,"absent","",3622952,"","Parotocinclus_prata","y","tropical"
"520",520,"Parotocinclus maculicauda","Siluriformes","Loricariidae","Parotocinclus",0,"absent","y",376395,"","Parotocinclus_maculicauda","y","NA"
"521",521,"Hisonotus francirochai","Siluriformes","Loricariidae","Hisonotus",0,"absent","",643600,"","Hisonotus_francirochai","y","tropical"
"522",522,"Curculionichthys insperatus","Siluriformes","Loricariidae","Curculionichthys",0,"absent","",7065742,"","Curculionichthys_insperatus","y","tropical"
"523",523,"Neoplecostomus corumba","Siluriformes","Loricariidae","Neoplecostomus",0,"absent","",650420,"","Neoplecostomus_corumba","y","tropical"
"524",524,"Kronichthys subteres","Siluriformes","Loricariidae","Kronichthys",0,"absent","",969748,"","Kronichthys_subteres","y","NA"
"525",525,"Hisonotus notatus","Siluriformes","Loricariidae","Hisonotus",0,"absent","",1078512,"","Hisonotus_notatus","y","NA"
"526",526,"Pareiorhaphis hystrix","Siluriformes","Loricariidae","Pareiorhaphis",0,"absent","",108998,"","Pareiorhaphis_hystrix","y","subtropical"
"527",527,"Rhinolekos britskii","Siluriformes","Loricariidae","Rhinolekos",0,"absent","",3623092,"","Rhinolekos_britskii","y","tropical"
"528",528,"Pimelodus argenteus","Siluriformes","Pimelodidae","Pimelodus",3,"present","",987382,"","Pimelodus_argenteus","","tropical"
"529",529,"Rhinelepis aspera","Siluriformes","Loricariidae","Rhinelepis",0,"absent","",1007247,"","Rhinelepis_aspera","y","tropical"
"530",530,"Rineloricaria lanceolata","Siluriformes","Loricariidae","Rineloricaria",0,"absent","",636429,"","Rineloricaria_lanceolata","y","tropical"
"531",531,"Rineloricaria latirostris","Siluriformes","Loricariidae","Rineloricaria",0,"absent","",3622736,"","Rineloricaria_latirostris","y","tropical"
"532",532,"Scleromystax barbatus","Siluriformes","Callichthyidae","Scleromystax",0,"absent","",841695,"","Scleromystax_barbatus","y","NA"
"533",533,"Myoxocephalus scorpius","Perciformes","Cottidae","Myoxocephalus",3.5,"present","y",942655,"","Myoxocephalus_scorpius","","polar"
"534",534,"Zoarces viviparus","Perciformes","Zoarcidae","Zoarces",3.5,"present","y",752564,"","Zoarces_viviparus","","temperate"
"535",535,"Callionymus lyra","Syngnathiformes","Callionymidae","Callionymus",3,"present","",795408,"","Callionymus_lyra","","subtropical"
"536",536,"Gobius niger","Gobiiformes","Gobiidae","Gobius",3,"present","y",1054967,"","Gobius_niger","","subtropical"
"537",537,"Symphodus melops","Labriformes","Labridae","Symphodus",4,"present","y",553191,"sibling_higher","Symphodus_melops","","subtropical, temperate"
"538",538,"Labrus bergylta","Labriformes","Labridae","Labrus",NA,"present","y",292710,"","Labrus_bergylta","","subtropical"
"539",539,"Liparis liparis","Perciformes","Liparidae","Liparis",3,"present","",566839,"","Liparis_liparis","","temperate"
"540",540,"Pollachius virens","Gadiformes","Gadidae","Pollachius",4,"present","y",62649,"","Pollachius_virens","","polar, temperate"
"541",541,"Raniceps raninus","Gadiformes","Gadidae","Raniceps",1,"present","",659845,"","Raniceps_raninus","","temperate"
"542",542,"Hippoglossus hippoglossus","Pleuronectiformes","Pleuronectidae","Hippoglossus",3.75,"present","y",408328,"","Hippoglossus_hippoglossus","","temperate"
"543",543,"Merlangius merlangus","Gadiformes","Gadidae","Merlangius",3,"present","y",635911,"","Merlangius_merlangus","","temperate"
"544",544,"Iniistius pavo","Labriformes","Labridae","Iniistius",NA,"present","",839457,"","Iniistius_pavo","","tropical"
"545",545,"Raja asterias","Rajiformes","Rajidae","Raja",NA,"present","",884658,"","Raja_asterias","","subtropical"
"546",546,"Cobitis taenia","Cypriniformes","Cobitidae","Cobitis",0,"absent","",14761,"","Cobitis_taenia","","temperate"
"547",547,"Lepadogaster lepadogaster","Blenniiformes","Gobiesocidae","Lepadogaster",0,"absent","",719435,"","Lepadogaster_lepadogaster","","subtropical"
"548",548,"Sinibotia reevesae","Cypriniformes","Botiidae","Sinibotia",1,"present","",3627672,"","Sinibotia_reevesae","","NA"
"549",549,"Silurus glanis","Siluriformes","Siluridae","Silurus",NA,"present","y",272344,"","Silurus_glanis","","temperate"
"550",550,"Myxine glutinosa","Myxiniformes","Myxinidae","Myxine",0,"absent","",852683,"","Myxine_glutinosa","","temperate"
"551",551,"Haplochromis burtoni","Cichliformes","Cichlidae","Haplochromis",NA,"present","y",710025,"sibling_higher","Haplochromis_burtoni","","NA"
"552",552,"Scyliorhinus torazame","Carcharhiniformes","Scyliorhinidae","Scyliorhinus",3.5,"present","",266108,"","Scyliorhinus_torazame","","subtropical"
"553",553,"Oncorhynchus masou ishikawae","Salmoniformes","Salmonidae","Oncorhynchus",2,"present","y",982414,"infraspecific","Oncorhynchus_masou ishikawae","","NA"
"554",554,"Hypomesus japonicus","Osmeriformes","Osmeridae","Hypomesus",3,"present","",664219,"","Hypomesus_japonicus","","temperate"
"555",555,"Hexagrammos octogrammus","Perciformes","Hexagrammidae","Hexagrammos",3,"present","",185862,"","Hexagrammos_octogrammus","","boreal, polar, subtropical, temperate"
"556",556,"Pungitius pungitius pungitius","Perciformes","Gasterosteidae","Pungitius",1,"present","",561267,"infraspecific","Pungitius_pungitius pungitius","","NA"
"557",557,"Parupeneus multifasciatus","Syngnathiformes","Mullidae","Parupeneus",0,"absent","",295485,"","Parupeneus_multifasciatus","","tropical"
"558",558,"Hippocampus barbouri","Syngnathiformes","Syngnathidae","Hippocampus",1,"present","y",279994,"","Hippocampus_barbouri","","tropical"
"559",559,"Huso huso","Acipenseriformes","Acipenseridae","Huso",NA,"present","y",751886,"","Huso_huso","","temperate"
"560",560,"Thunnus thynnus","Scombriformes","Scombridae","Thunnus",0,"absent","y",833184,"","Thunnus_thynnus","","temperate"
"561",561,"Labeo rohita","Cypriniformes","Cyprinidae","Labeo",NA,"present","y",160616,"sibling_higher","Labeo_rohita","","tropical"
"562",562,"Lates calcarifer","Acanthomorphata","Centropomidae","Lates",NA,"present","y",437601,"incertae_sedis_inherited","Lates_calcarifer","","tropical"
"563",563,"Channa argus","Anabantiformes","Channidae","Channa",NA,"present","y",229205,"","Channa_argus","","temperate"
"564",564,"Sparus aurata","Spariformes","Sparidae","Sparus",NA,"present","y",760723,"","Sparus_aurata","","subtropical"
"565",565,"Lateolabrax maculatus","Pempheriformes","Lateolabracidae","Lateolabrax",NA,"present","y",331155,"","Lateolabrax_maculatus","","NA"
"566",566,"Oncorhynchus nerka","Salmoniformes","Salmonidae","Oncorhynchus",3,"present","y",165375,"","Oncorhynchus_nerka","","boreal, temperate"
"567",567,"Oncorhynchus gorbuscha","Salmoniformes","Salmonidae","Oncorhynchus",1,"present","y",739927,"","Oncorhynchus_gorbuscha","","boreal"
"568",568,"Oncorhynchus keta","Salmoniformes","Salmonidae","Oncorhynchus",1,"present","y",739921,"","Oncorhynchus_keta","","boreal"
"569",569,"Salvelinus leucomaenis pluvius","Salmoniformes","Salmonidae","Salvelinus",3,"present","",688314,"infraspecific","Salvelinus_leucomaenis pluvius","","NA"
"570",570,"Atractosteus tropicus","Semionotiformes","Lepisosteidae","Atractosteus",1,"present","",124014,"","Atractosteus_tropicus","","NA"
"571",571,"Eptatretus atami","Myxiniformes","Myxinidae","Eptatretus",0,"absent","",995305,"","Eptatretus_atami","","subtropical, temperate"
"572",572,"Macropodus opercularis","Anabantiformes","Osphronemidae","Macropodus",0,"absent","y",1033367,"","Macropodus_opercularis","","temperate, tropical"
"573",573,"Gymnotus carapo","Gymnotiformes","Gymnotidae","Gymnotus",NA,"present","",445408,"","Gymnotus_carapo","","tropical"
"574",574,"Parablennius incognitus","Blenniiformes","Blenniidae","Parablennius",NA,"present","",586329,"","Parablennius_incognitus","","subtropical"
"575",575,"Totoaba macdonaldi","Perciformes","Sciaenidae","Totoaba",3,"present","",750990,"","Totoaba_macdonaldi","","subtropical"
"576",576,"Ameiurus nebulosus","Siluriformes","Ictaluridae","Ameiurus",3,"present","",804481,"","Ameiurus_nebulosus","","boreal, temperate"
"577",577,"Myxocyprinus asiaticus","Cypriniformes","Catostomidae","Myxocyprinus",NA,"present","y",141409,"","Myxocyprinus_asiaticus","","NA"
"578",578,"Oncorhynchus kisutch","Salmoniformes","Salmonidae","Oncorhynchus",3,"present","y",739917,"","Oncorhynchus_kisutch","","temperate"
"579",579,"Ophiodon elongatus","Perciformes","Hexagrammidae","Ophiodon",3,"present","y",849032,"","Ophiodon_elongatus","","boreal, subtropical, temperate"
"580",580,"Rineloricaria heteroptera","Siluriformes","Loricariidae","Rineloricaria",0,"absent","",3622766,"","Rineloricaria_heteroptera","","tropical"
"581",581,"Opsanus tau","Batrachoidiformes","Batrachoididae","Opsanus",3.5,"present","",62631,"","Opsanus_tau","","subtropical, temperate"
"582",582,"Periophthalmus modestus","Gobiiformes","Gobiidae","Periophthalmus",0,"absent","y",736100,"","Periophthalmus_modestus","","subtropical"
"583",583,"Odontobutis sinensis","Gobiiformes","Odontobutidae","Odontobutis",0,"absent","",755258,"","Odontobutis_sinensis","","temperate"
"584",584,"Polypterus senegalus","Polypteriformes","Polypteridae","Polypterus",NA,"present","y",1064124,"","Polypterus_senegalus","","tropical"
"585",585,"Salmo trutta fario","Salmoniformes","Salmonidae","Salmo",3.5,"present","",883834,"infraspecific","Salmo_trutta fario","","NA"
"586",586,"Salmo trutta","Salmoniformes","Salmonidae","Salmo",NA,"present","y",688332,"","Salmo_trutta","","temperate"
"587",587,"Salvelinus alpinus","Salmoniformes","Salmonidae","Salvelinus",NA,"present","y",688324,"","Salvelinus_alpinus","","boreal, polar"
"588",588,"Sander vitreus","Perciformes","Percidae","Sander",0,"absent","y",557687,"","Sander_vitreus","","boreal, temperate"
"589",589,"Sebastes oblongus","Perciformes","Sebastidae","Sebastes",3.5,"present","y",778325,"sibling_higher","Sebastes_oblongus","","subtropical, temperate"
"590",590,"Chimaera phantasma","Chimaeriformes","Chimaeridae","Chimaera",NA,"present","",194652,"","Chimaera_phantasma","","subtropical, temperate, tropical"
"591",591,"Mustelus manazo","Carcharhiniformes","Triakidae","Mustelus",NA,"present","",573813,"","Mustelus_manazo","","tropical"
"592",592,"Etmopterus brachyurus","Squaliformes","Etmopteridae","Etmopterus",NA,"present","",624099,"","Etmopterus_brachyurus","","subtropical, tropical"
"593",593,"Centroscymnus coelolepis","Squaliformes","Somniosidae","Centroscymnus",NA,"present","",304656,"","Centroscymnus_coelolepis","","temperate"
"594",594,"Centroscymnus owstoni","Squaliformes","Somniosidae","Centroscymnus",NA,"present","",745562,"","Centroscymnus_owstoni","","NA"
"595",595,"Deania hystricosa","Squaliformes","Centrophoridae","Deania",NA,"present","",832506,"","Deania_hystricosa","","subtropical"
"596",596,"Centrophorus squamosus","Squaliformes","Centrophoridae","Centrophorus",NA,"present","",449785,"","Centrophorus_squamosus","","subtropical"
"597",597,"Okamejei kenojei","Rajiformes","Rajidae","Okamejei",NA,"present","",167107,"","Okamejei_kenojei","","subtropical"
"598",598,"Aluterus scriptus","Tetraodontiformes","Monacanthidae","Aluterus",NA,"present","",959206,"","Aluterus_scriptus","","tropical"
"599",599,"Xiphophorus maculatus","Cyprinodontiformes","Poeciliidae","Xiphophorus",0,"absent","y",416852,"","Xiphophorus_maculatus","","NA"
"600",600,"Neolebias unifasciatus","Characiformes","Distichodontidae","Neolebias",0,"absent","",3624643,"","Neolebias_unifasciatus","y","tropical"
"601",601,"Latimeria chalumnae","Coelacanthiformes","Latimeriidae","Latimeria",0.5,"present","",773491,"","Latimeria_chalumnae","","subtropical, tropical"
"602",602,"Austrolebias charrua","Cyprinodontiformes","Rivulidae","Austrolebias",0,"absent","y",688711,"","Austrolebias_charrua","","tropical"
"603",603,"Aethotaxis mitopteryx","Perciformes/Notothenioidei","Nototheniidae","Aethotaxis",1,"present","",303038,"extinct_inherited, incertae_sedis","Aethotaxis_mitopteryx","","polar, subtropical"
"604",604,"Distichodus affinis","Characiformes","Distichodontidae","Distichodus",1,"present","",912276,"","Distichodus_affinis","","tropical"
"605",605,"Percalates colonorum","Centrarchiformes","Percalatidae","Percalates",1,"present","y",538644,"","Percalates_colonorum","","NA"
"606",606,"Austrolebias affinis","Cyprinodontiformes","Rivulidae","Austrolebias",3,"present","",1018474,"","Austrolebias_affinis","","subtropical, tropical"
"607",607,"Hydrolagus colliei","Chimaeriformes","Chimaeridae","Hydrolagus",3,"present","",29493,"extinct_inherited, incertae_sedis","Hydrolagus_colliei","","subtropical"
"608",608,"Kryptolebias marmoratus","Cyprinodontiformes","Rivulidae","Kryptolebias",0,"absent","y",229709,"","Kryptolebias_marmoratus","","tropical"
