"","Species","order","presence","genome.assembly","ott_id","flags","tips"
"1","Ariopsis seemanni","Siluriformes","absent","y",704267,"","Ariopsis seemanni"
"2","Bovichtus diacanthus","Perciformes/Notothenioidei","absent","y",842177,"","Bovichtus diacanthus"
"3","Cottoperca trigloides","Perciformes/Notothenioidei","absent","",3635394,"","Cottoperca trigloides"
"4","Gymnarchus niloticus","Osteoglossiformes","absent","y",115490,"","Gymnarchus niloticus"
"5","Oreochromis mossambicus","Cichliformes","absent","y",288069,"sibling_higher","Oreochromis mossambicus"
"6","Rhyacichthys aspro","Gobiiformes","absent","y",652242,"","Rhyacichthys aspro"
"7","Amia calva","Amiiformes","absent","y",329623,"","Amia calva"
"8","Anableps anableps","Cyprinodontiformes","absent","y",349121,"","Anableps anableps"
"9","Aphyocharax anisitsi","Characiformes","absent","",852942,"","Aphyocharax anisitsi"
"10","Aphyocharax dentatus","Characiformes","absent","",13154,"","Aphyocharax dentatus"
"11","Arapaima gigas","Osteoglossiformes","absent","y",335725,"","Arapaima gigas"
"12","Astyanax jordani","Characiformes","absent","",1044706,"","Astyanax jordani"
"13","Austrolebias charrua","Cyprinodontiformes","absent","y",688711,"","Austrolebias charrua"
"14","Belonesox belizanus","Cyprinodontiformes","absent","",913297,"","Belonesox belizanus"
"15","Betta splendens","Anabantiformes","absent","",1033356,"","Betta splendens"
"16","Boulengerella cuvieri","Characiformes","absent","",3625788,"","Boulengerella cuvieri"
"17","Danio rerio","Cypriniformes","absent","",1005914,"","Danio rerio"
"18","Caenotropus labyrinthicus","Characiformes","absent","",546967,"","Caenotropus labyrinthicus"
"19","Carassius auratus","Cypriniformes","absent","y",1005907,"","Carassius auratus"
"20","Carassius carassius","Cypriniformes","absent","",1010092,"","Carassius carassius"
"21","Channa micropeltes","Anabantiformes","absent","",332862,"","Channa micropeltes"
"22","Channa punctata","Anabantiformes","absent","",1008460,"","Channa punctata"
"23","Characidium fasciatum","Characiformes","absent","",442774,"","Characidium fasciatum"
"24","Charax leticiae","Characiformes","absent","",1091396,"","Charax leticiae"
"25","Citharinus latus","Characiformes","absent","",3624471,"","Citharinus latus"
"26","Cobitis biwae","Cypriniformes","absent","",638827,"","Cobitis biwae"
"27","Cobitis",NA,"absent","",584643,"","Cobitis"
"28","Cololabis saira","Beloniformes","absent","y",427511,"","Cololabis saira"
"29","Corydoras paleatus","Siluriformes","absent","",267119,"","Corydoras paleatus"
"30","Ctenolucius hujeta","Characiformes","absent","",990661,"","Ctenolucius hujeta"
"31","Cheilopogon heterurus","Beloniformes","absent","",850211,"","Cheilopogon heterurus"
"32","Dermogenys pusilla","Beloniformes","absent","",139152,"","Dermogenys pusilla"
"33","Dicentrarchus labrax","Eupercaria/misc","absent","y",3549,"","Dicentrarchus labrax"
"34","Diplomystes mesembrinus",NA,"absent","",536094,"","Diplomystes mesembrinus"
"35","Dipnoi",NA,"absent","",29500,"sibling_higher","Dipnoi"
"36","Electrophorus electricus","Gymnotiformes","absent","y",216168,"","Electrophorus electricus"
"37","Erpetoichthys calabaricus","Polypteriformes","absent","y",451269,"","Erpetoichthys calabaricus"
"38","Esox lucius","Esociformes","absent","y",739941,"","Esox lucius"
"39","Exodon paradoxus","Characiformes","absent","",335632,"","Exodon paradoxus"
"40","Glossolepis incisus",NA,"absent","",976546,"","Glossolepis incisus"
"41","Nimbochromis venustus","Cichliformes","absent","",888881,"","Nimbochromis venustus"
"42","Helostoma temminkii",NA,"absent","",754856,"","Helostoma temminkii"
"43","Hemichromis guttatus",NA,"absent","",839353,"","Hemichromis guttatus"
"44","Hemitilapia oxyrhynchus","Cichliformes","absent","",720886,"","Hemitilapia oxyrhynchus"
"45","Hepsetus odoe","Characiformes","absent","y",128234,"","Hepsetus odoe"
"46","Heterocharax leptogrammus","Characiformes","absent","",3624837,"","Heterocharax leptogrammus"
"47","Heterotis niloticus","Osteoglossiformes","absent","y",916703,"","Heterotis niloticus"
"48","Hypoatherina valenciennei","Atheriniformes","absent","",828581,"","Hypoatherina valenciennei"
"49","Hyporhamphus sajori","Beloniformes","absent","",496667,"","Hyporhamphus sajori"
"50","Iguanodectes spilurus","Characiformes","absent","",3625587,"","Iguanodectes spilurus"
"51","Jordanella floridae","Cyprinodontiformes","absent","",82326,"","Jordanella floridae"
"52","Neolamprologus brichardi","Cichliformes","absent","",279935,"","Neolamprologus brichardi"
"53","Lepisosteus platyrhincus","Lepisosteiformes","absent","",804455,"","Lepisosteus platyrhincus"
"54","Luciocephalus pulcher","Anabantiformes","absent","",377745,"","Luciocephalus pulcher"
"55","Metynnis hypsauchen","Characiformes","absent","",506575,"","Metynnis hypsauchen"
"56","Metynnis lippincottianus","Characiformes","absent","",1095505,"","Metynnis lippincottianus"
"57","Mimagoniates rheocharis","Characiformes","absent","",328359,"","Mimagoniates rheocharis"
"58","Misgurnus anguillicaudatus","Cypriniformes","absent","y",312382,"","Misgurnus anguillicaudatus"
"59","Moenkhausia xinguensis","Characiformes","absent","",1095527,"","Moenkhausia xinguensis"
"60","Monopterus albus","Synbranchiformes","absent","y",655999,"","Monopterus albus"
"61","Phoxinus oxycephalus jouyi",NA,"absent","",343644,"infraspecific","Phoxinus oxycephalus jouyi"
"62","Myleus setiger","Characiformes","absent","",985120,"","Myleus setiger"
"63","Neolebias unifasciatus","Characiformes","absent","",3624643,"","Neolebias unifasciatus"
"64","Nothobranchius palmqvisti","Cyprinodontiformes","absent","",3641410,"","Nothobranchius palmqvisti"
"65","Nannostomus beckfordi","Characiformes","absent","",486012,"","Nannostomus beckfordi"
"66","Oligosarcus pintoi","Characiformes","absent","",3624795,"","Oligosarcus pintoi"
"67","Oryzias latipes","Beloniformes","absent","y",942673,"","Oryzias latipes"
"68","Osteoglossum bicirrhosum","Osteoglossiformes","absent","y",279997,"","Osteoglossum bicirrhosum"
"69","Pantodon buchholzi","Osteoglossiformes","absent","",108350,"","Pantodon buchholzi"
"70","Paracheirodon axelrodi","Characiformes","absent","",949795,"","Paracheirodon axelrodi"
"71","Phoxinus phoxinus","Cypriniformes","absent","y",1019917,"","Phoxinus phoxinus"
"72","Piaractus mesopotamicus","Characiformes","absent","y",24652,"","Piaractus mesopotamicus"
"73","Pimelodus pictus","Siluriformes","absent","",488963,"","Pimelodus pictus"
"74","Poecilia reticulata","Cyprinodontiformes","absent","y",312452,"","Poecilia reticulata"
"75","Poecilia latipinna","Cyprinodontiformes","absent","y",998174,"","Poecilia latipinna"
"76","Probolodus heterostomus",NA,"absent","",719847,"","Probolodus heterostomus"
"77","Prochilodus lineatus","Characiformes","absent","",1027734,"","Prochilodus lineatus"
"78","Rhinogobius flumineus","Gobiiformes","absent","",518755,"","Rhinogobius flumineus"
"79","Rhodeus ocellatus","Cypriniformes","absent","",887027,"","Rhodeus ocellatus"
"80","Roeboides descalvadensis","Characiformes","absent","",1077236,"","Roeboides descalvadensis"
"81","Roeboides myersii","Characiformes","absent","",282557,"","Roeboides myersii"
"82","Roeboides prognathus","Characiformes","absent","",3624826,"","Roeboides prognathus"
"83","Scleropages jardinii","Osteoglossiformes","absent","",335719,"","Scleropages jardinii"
"84","Serrapinnus notomelas","Characiformes","absent","",199867,"","Serrapinnus notomelas"
"85","Serrasalmus rhombeus","Characiformes","absent","",382210,"","Serrasalmus rhombeus"
"86","Sternopygus macrurus","Gymnotiformes","absent","",729097,"","Sternopygus macrurus"
"87","Strongylura anastomella","Beloniformes","absent","",703667,"","Strongylura anastomella"
"88","Stygichthys typhlops","Characiformes","absent","",2695,"incertae_sedis_inherited","Stygichthys typhlops"
"89","Marosatherina ladigesi","Atheriniformes","absent","",296889,"","Marosatherina ladigesi"
"90","Oreochromis niloticus","Cichliformes","absent","",288063,"sibling_higher","Oreochromis niloticus"
"91","Pseudaspius hakonensis","Cypriniformes","absent","",372585,"","Pseudaspius hakonensis"
"92","Triportheus nematurus","Characiformes","absent","",48234,"","Triportheus nematurus"
"93","Xenentodon cancila","Beloniformes","absent","y",549052,"","Xenentodon cancila"
"94","Astyanax mexicanus","Characiformes","absent","y",701518,"","Astyanax mexicanus"
"95","Biotoecus opercularis","Cichliformes","absent","",3636363,"","Biotoecus opercularis"
"96","Teleocichla proselytus","Cichliformes","absent","",493822,"","Teleocichla proselytus"
"97","Apistogramma borellii","Cichliformes","absent","",3636296,"","Apistogramma borellii"
"98","Taeniacara candidi","Cichliformes","absent","",128244,"","Taeniacara candidi"
"99","Mikrogeophagus ramirezi","Cichliformes","absent","",316392,"","Mikrogeophagus ramirezi"
"100","Gymnogeophagus balzanii","Cichliformes","absent","",416755,"","Gymnogeophagus balzanii"
"101","Gymnogeophagus meridionalis","Cichliformes","absent","",450053,"","Gymnogeophagus meridionalis"
"102","Crenicara punctulatum",NA,"absent","",461830,"","Crenicara punctulatum"
"103","Dicrossus warzeli","Cichliformes","absent","",3636430,"","Dicrossus warzeli"
"104","Hemichromis bimaculatus",NA,"absent","",312269,"","Hemichromis bimaculatus"
"105","Cottus carolinae","Perciformes/Cottoidei","absent","",466859,"","Cottus carolinae"
"106","Latimeria chalumnae","Coelacanthiformes","present","",773491,"","Latimeria chalumnae"
"107","Microschemobrycon callops","Characiformes","present","",3625570,"","Microschemobrycon callops"
"108","Cyprinus carpio","Cypriniformes","present","y",429083,"","Cyprinus carpio"
"109","Leuciscus idus","Cypriniformes","present","y",41137,"","Leuciscus idus"
"110","Mugil cephalus","Mugiliformes","present","y",418648,"","Mugil cephalus"
"111","Acipenser gueldenstaedtii","Acipenseriformes","present","y",378912,"","Acipenser gueldenstaedtii"
"112","Acipenser transmontanus","Acipenseriformes","present","y",378925,"","Acipenser transmontanus"
"113","Aethotaxis mitopteryx","Perciformes/Notothenioidei","present","",303038,"extinct_inherited, incertae_sedis","Aethotaxis mitopteryx"
"114","Anguilla anguilla","Anguilliformes","present","y",854201,"","Anguilla anguilla"
"115","Anguilla rostrata","Anguilliformes","present","y",854212,"","Anguilla rostrata"
"116","Anthias anthias","Perciformes/Serranoidei","present","y",1012253,"","Anthias anthias"
"117","Apteronotus albifrons","Gymnotiformes","present","",789557,"","Apteronotus albifrons"
"118","Badis badis","Anabantiformes","present","",989135,"","Badis badis"
"119","Lipolagus ochotensis","Argentiniformes","present","",562640,"","Lipolagus ochotensis"
"120","Chromobotia macracanthus","Cypriniformes","present","",225526,"","Chromobotia macracanthus"
"121","Bovichtus diacanthus","Perciformes/Notothenioidei","present","y",842177,"","Bovichtus diacanthus"
"122","Bovichtus variegatus","Perciformes/Notothenioidei","present","y",448844,"","Bovichtus variegatus"
"123","Carassius auratus","Cypriniformes","present","y",1005907,"","Carassius auratus"
"124","Carnegiella marthae","Characiformes","present","",94214,"","Carnegiella marthae"
"125","Ceratoscopelus warmingii","Myctophiformes","present","",866187,"","Ceratoscopelus warmingii"
"126","Chaetodon miliaris","Acanthuriformes","present","",766706,"","Chaetodon miliaris"
"127","Chaetodon multicinctus","Acanthuriformes","present","",766709,"","Chaetodon multicinctus"
"128","Chalceus guaporensis","Characiformes","present","",3624886,"","Chalceus guaporensis"
"129","Champsocephalus gunnari","Perciformes/Notothenioidei","present","y",684007,"","Champsocephalus gunnari"
"130","Gymnogobius urotaenia","Gobiiformes","present","",279775,"","Gymnogobius urotaenia"
"131","Colossoma macropomum","Characiformes","present","y",24678,"","Colossoma macropomum"
"132","Coreoperca kawamebari","Centrarchiformes","present","",105922,"","Coreoperca kawamebari"
"133","Ctenopharyngodon idella","Cypriniformes","present","",1005936,"","Ctenopharyngodon idella"
"134","Cyclothone atraria","Stomiiformes","present","",127379,"","Cyclothone atraria"
"135","Cyprinion macrostomum",NA,"present","",493927,"","Cyprinion macrostomum"
"136","Dasyatis akajei",NA,"present","",225332,"sibling_higher","Dasyatis akajei"
"137","Diplomystes mesembrinus",NA,"present","",536094,"","Diplomystes mesembrinus"
"138","Diplophos taenia","Stomiiformes","present","",350314,"","Diplophos taenia"
"139","Distichodus affinis","Characiformes","present","",912276,"","Distichodus affinis"
"140","Echeneis naucrates","Carangiformes","present","y",776562,"","Echeneis naucrates"
"141","Eigenmannia virescens","Gymnotiformes","present","",437387,"","Eigenmannia virescens"
"142","Eleginops maclovinus","Perciformes/Notothenioidei","present","y",816883,"","Eleginops maclovinus"
"143","Engraulis japonicus","Clupeiformes","present","y",690902,"","Engraulis japonicus"
"144","Etroplus maculatus",NA,"present","",493427,"","Etroplus maculatus"
"145","Etrumeus teres",NA,"present","",681340,"","Etrumeus teres"
"146","Eutropiichthys vacha","Siluriformes","present","",350498,"","Eutropiichthys vacha"
"147","Oreochromis",NA,"present","",336599,"","Oreochromis"
"148","Gasteropelecus sternicla","Characiformes","present","",514221,"","Gasteropelecus sternicla"
"149","Gastromyzon borneensis","Cypriniformes","present","",3627855,"","Gastromyzon borneensis"
"150","Geophagus sveni","Cichliformes","present","",3636351,"","Geophagus sveni"
"151","Glyptothorax pectinopterus","Siluriformes","present","",3621869,"","Glyptothorax pectinopterus"
"152","Gnathopogon caerulescens","Cypriniformes","present","",325187,"","Gnathopogon caerulescens"
"153","Gobionotothen gibberifrons","Perciformes/Notothenioidei","present","y",448828,"","Gobionotothen gibberifrons"
"154","Goeldiella eques","Siluriformes","present","",502078,"","Goeldiella eques"
"155","Sigmops gracilis","Stomiiformes","present","",648959,"","Sigmops gracilis"
"156","Gymnocephalus cernua","Perciformes/Percoidei","present","y",104323,"","Gymnocephalus cernua"
"157","Harpagifer georgianus","Perciformes/Notothenioidei","present","",350788,"","Harpagifer georgianus"
"158","Hemibarbus barbus",NA,"present","",655295,"","Hemibarbus barbus"
"159","Hoplias malabaricus","Characiformes","present","y",179348,"","Hoplias malabaricus"
"160","Hypostomus plecostomus","Siluriformes","present","",96090,"","Hypostomus plecostomus"
"161","Ictalurus punctatus","Siluriformes","present","y",701523,"","Ictalurus punctatus"
"162","Idiacanthus antrostomus","Stomiiformes","present","",890166,"","Idiacanthus antrostomus"
"163","Katsuwonus pelamis","Scombriformes","present","",308754,"","Katsuwonus pelamis"
"164","Konosirus punctatus","Clupeiformes","present","",39743,"","Konosirus punctatus"
"165","Kryptopterus bicirrhis","Siluriformes","present","",896070,"","Kryptopterus bicirrhis"
"166","Lepidonotothen larseni",NA,"present","y",969899,"","Lepidonotothen larseni"
"167","Lestrolepis intermedia","Aulopiformes","present","",1057256,"","Lestrolepis intermedia"
"168","Leucopsarion petersii","Gobiiformes","present","",331701,"","Leucopsarion petersii"
"169","Liza parsia",NA,"present","",728954,"","Liza parsia"
"170","Luciogobius guttatus","Gobiiformes","present","",868320,"","Luciogobius guttatus"
"171","Micropterus salmoides","Centrarchiformes","present","y",230493,"","Micropterus salmoides"
"172","Mylesinus paucisquamatus","Characiformes","present","",506578,"","Mylesinus paucisquamatus"
"173","Myleus torquatus",NA,"present","",3625318,"","Myleus torquatus"
"174","Notothenia angustata","Perciformes/Notothenioidei","present","",781788,"","Notothenia angustata"
"175","Odontobutis obscura",NA,"present","",599816,"","Odontobutis obscura"
"176","Ompok bimaculatus","Siluriformes","present","",670820,"","Ompok bimaculatus"
"177","Ophthalmolycus amberensis","Perciformes/Zoarcoidei","present","y",31294,"","Ophthalmolycus amberensis"
"178","Opsariichthys uncirostris","Cypriniformes","present","",26746,"","Opsariichthys uncirostris"
"179","Parachaenichthys charcoti","Perciformes/Notothenioidei","present","",185362,"","Parachaenichthys charcoti"
"180","Paracheirodon innesi","Characiformes","present","",783059,"","Paracheirodon innesi"
"181","Paranotothenia magellanica","Perciformes/Notothenioidei","present","",229704,"","Paranotothenia magellanica"
"182","Patagonotothen ramsayi","Perciformes/Notothenioidei","present","",525441,"","Patagonotothen ramsayi"
"183","Perca fluviatilis","Perciformes/Percoidei","present","y",186488,"","Perca fluviatilis"
"184","Percalates colonorum","Centrarchiformes","present","y",538644,"","Percalates colonorum"
"185","Periophthalmus nov",NA,"present","",7651176,"","Periophthalmus nov"
"186","Phenacogrammus interruptus","Characiformes","present","y",259776,"","Phenacogrammus interruptus"
"187","Plecoglossus altivelis","Osmeriformes","present","y",486933,"","Plecoglossus altivelis"
"188","Pseudaphritis urvillii","Perciformes/Notothenioidei","present","y",292713,"","Pseudaphritis urvillii"
"189","Pseudogobio esocinus","Cypriniformes","present","",424407,"","Pseudogobio esocinus"
"190","Pseudorasbora parva","Cypriniformes","present","y",205442,"","Pseudorasbora parva"
"191","Pungtungia herzi","Cypriniformes","present","",523420,"","Pungtungia herzi"
"192","Pygocentrus piraya","Characiformes","present","",900299,"","Pygocentrus piraya"
"193","Pygocentrus nattereri","Characiformes","present","y",649803,"","Pygocentrus nattereri"
"194","Racovitzia glacialis","Perciformes/Notothenioidei","present","",217712,"","Racovitzia glacialis"
"195","Rhinogobius brunneus","Gobiiformes","present","",238894,"","Rhinogobius brunneus"
"196","Rhinogobius flumineus","Gobiiformes","present","",518755,"","Rhinogobius flumineus"
"197","Salangichthys microdon","Osmeriformes","present","",348842,"","Salangichthys microdon"
"198","Salmo salar","Salmoniformes","present","y",688328,"","Salmo salar"
"199","Sarcocheilichthys variegatus","Cypriniformes","present","",333930,"","Sarcocheilichthys variegatus"
"200","Sardinella zunasi","Clupeiformes","present","",39728,"","Sardinella zunasi"
"201","Sardinops melanostictus",NA,"present","",318896,"","Sardinops melanostictus"
"202","Ischikauia steenackeri","Cypriniformes","present","",84197,"","Ischikauia steenackeri"
"203","Silurus asotus","Siluriformes","present","y",967323,"","Silurus asotus"
"204","Steindachnerina brevipinna","Characiformes","present","",3624501,"","Steindachnerina brevipinna"
"205","Synodontis nigriventris","Siluriformes","present","",315243,"","Synodontis nigriventris"
"206","Takifugu alboplumbeus","Tetraodontiformes","present","",465414,"","Takifugu alboplumbeus"
"207","Tridentiger obscurus","Gobiiformes","present","",98404,"","Tridentiger obscurus"
"208","Vinciguerria nimbaria","Stomiiformes","present","",652358,"","Vinciguerria nimbaria"
"209","Vomeridens infuscipinnis","Perciformes/Notothenioidei","present","y",280419,"","Vomeridens infuscipinnis"
"210","Zacco platypus","Cypriniformes","present","y",652452,"","Zacco platypus"
"211","Nipponocypris temminckii","Cypriniformes","present","",361232,"","Nipponocypris temminckii"
"212","Satanoperca acuticeps","Cichliformes","present","",784676,"","Satanoperca acuticeps"
"213","Biotodoma cupido","Cichliformes","present","",667005,"","Biotodoma cupido"
"214","Geophagus iporangensis","Cichliformes","present","",3636359,"","Geophagus iporangensis"
"215","Guianacara dacrya","Cichliformes","present","",3636364,"","Guianacara dacrya"
"216","Mazarunia mazarunii","Cichliformes","present","",8413,"","Mazarunia mazarunii"
"217","Geophagus steindachneri","Cichliformes","present","",87568,"","Geophagus steindachneri"
"218","Amphilophus citrinellus","Cichliformes","present","y",358037,"sibling_higher","Amphilophus citrinellus"
"219","Coptodon rendalli","Cichliformes","present","y",288060,"","Coptodon rendalli"
"220","Cynotilapia afra","Cichliformes","present","",132192,"","Cynotilapia afra"
"221","Chelon labrosus","Mugiliformes","present","y",777079,"","Chelon labrosus"
"222","Acanthogobius flavimanus","Gobiiformes","present","",705150,"","Acanthogobius flavimanus"
"223","Acestrorhynchus altus","Characiformes","present","",845247,"","Acestrorhynchus altus"
"224","Acipenser ruthenus","Acipenseriformes","present","y",378930,"","Acipenser ruthenus"
"225","Bunocephalus coracoideus","Siluriformes","present","",693715,"","Bunocephalus coracoideus"
"226","Catoprion mento","Characiformes","present","",597343,"","Catoprion mento"
"227","Chilodus punctatus","Characiformes","present","",442783,"","Chilodus punctatus"
"228","Glossogobius olivaceus","Gobiiformes","present","",80171,"","Glossogobius olivaceus"
"229","Gyrinocheilus aymonieri","Cypriniformes","present","",341392,"","Gyrinocheilus aymonieri"
"230","Hippocampus coronatus","Syngnathiformes","present","",503882,"","Hippocampus coronatus"
"231","Macrognathus aculeatus","Synbranchiformes","present","",758692,"","Macrognathus aculeatus"
"232","Malapterurus electricus","Siluriformes","present","",566351,"","Malapterurus electricus"
"233","Mastacembelus erythrotaenia","Synbranchiformes","present","",633395,"","Mastacembelus erythrotaenia"
"234","Metynnis hypsauchen","Characiformes","present","",506575,"","Metynnis hypsauchen"
"235","Plotosus lineatus","Siluriformes","present","y",949069,"","Plotosus lineatus"
"236","Tridentiger trigonocephalus","Gobiiformes","present","",98400,"","Tridentiger trigonocephalus"
"237","Dissostichus eleginoides","Perciformes/Notothenioidei","present","y",1040385,"","Dissostichus eleginoides"
"238","Salvelinus fontinalis","Salmoniformes","present","y",688339,"","Salvelinus fontinalis"
"239","Eleginops maclovinus","Perciformes/Notothenioidei","present","y",816883,"","Eleginops maclovinus"
"240","Abudefduf abdominalis","Ovalentaria/misc","present","",809329,"incertae_sedis_inherited","Abudefduf abdominalis"
"241","Acanthopagrus schlegelii","Eupercaria/misc","present","",380194,"","Acanthopagrus schlegelii"
"242","Acestrorhynchus falcatus","Characiformes","present","",845253,"","Acestrorhynchus falcatus"
"243","Acipenser baerii","Acipenseriformes","present","",518827,"","Acipenser baerii"
"244","Acipenser fulvescens","Acipenseriformes","present","",698270,"","Acipenser fulvescens"
"245","Acipenser ruthenus","Acipenseriformes","present","y",378930,"","Acipenser ruthenus"
"246","Acnodon normani","Characiformes","present","",179103,"","Acnodon normani"
"247","Aeoliscus strigatus","Syngnathiformes","present","y",652346,"incertae_sedis_inherited","Aeoliscus strigatus"
"248","Agamyxis pectinifrons","Siluriformes","present","",50909,"","Agamyxis pectinifrons"
"249","Akarotaxis nudiceps","Perciformes/Notothenioidei","present","y",682053,"","Akarotaxis nudiceps"
"250","Allenbatrachus grunniens","Batrachoidiformes","present","",706464,"","Allenbatrachus grunniens"
"251","Amia calva","Amiiformes","present","y",329623,"","Amia calva"
"252","Amphiprion clarkii","Ovalentaria/misc","present","y",674637,"incertae_sedis_inherited","Amphiprion clarkii"
"253","Anguilla anguilla","Anguilliformes","present","y",854201,"","Anguilla anguilla"
"254","Anguilla japonica","Anguilliformes","present","y",854198,"","Anguilla japonica"
"255","Anoplopoma fimbria","Perciformes/Cottoidei","present","y",441856,"","Anoplopoma fimbria"
"256","Arctoscopus japonicus","Perciformes/Uranoscopoidei","present","",883978,"","Arctoscopus japonicus"
"257","Asterropteryx semipunctata","Gobiiformes","present","",37552,"","Asterropteryx semipunctata"
"258","Austrolebias affinis","Cyprinodontiformes","present","",1018474,"","Austrolebias affinis"
"259","Barbus petenyi","Cypriniformes","present","",763568,"","Barbus petenyi"
"260","Bathygobius fuscus","Gobiiformes","present","",877729,"","Bathygobius fuscus"
"261","Batrochoglanis raninus","Siluriformes","present","",9881,"","Batrochoglanis raninus"
"262","Brycon orbignyanus","Characiformes","present","",206748,"","Brycon orbignyanus"
"263","Centropyge bispinosa","Acanthuriformes","present","",439843,"","Centropyge bispinosa"
"264","Chaca chaca","Siluriformes","present","",45408,"","Chaca chaca"
"265","Chaetodon vagabundus","Acanthuriformes","present","",655872,"","Chaetodon vagabundus"
"266","Channa sp.",NA,"present","",983868,"not_otu","Channa sp."
"267","Chrysiptera cyanea","Ovalentaria/misc","present","y",43505,"incertae_sedis_inherited","Chrysiptera cyanea"
"268","Cichlasoma dimerus","Cichliformes","present","",607611,"sibling_higher","Cichlasoma dimerus"
"269","Thorichthys meeki","Cichliformes","present","",207017,"","Thorichthys meeki"
"270","Conger myriaster","Anguilliformes","present","",479867,"","Conger myriaster"
"271","Coregonus lavaretus","Salmoniformes","present","y",872355,"","Coregonus lavaretus"
"272","Coryphaena hippurus","Carangiformes","present","",223663,"","Coryphaena hippurus"
"273","Cottus pollux","Perciformes/Cottoidei","present","",1000752,"","Cottus pollux"
"274","Cruciglanis pacifici","Siluriformes","present","",3624195,"","Cruciglanis pacifici"
"275","Ctenopoma acutirostre","Anabantiformes","present","",774818,"","Ctenopoma acutirostre"
"276","Dascyllus aruanus","Ovalentaria/misc","present","",49239,"incertae_sedis_inherited","Dascyllus aruanus"
"277","Decapterus maruadsi","Carangiformes","present","y",766162,"","Decapterus maruadsi"
"278","Dicentrarchus labrax","Eupercaria/misc","present","y",3549,"","Dicentrarchus labrax"
"279","Dictyosoma burgeri","Perciformes/Zoarcoidei","present","",783192,"","Dictyosoma burgeri"
"280","Ditrema temminckii","Ovalentaria/misc","present","",43516,"incertae_sedis_inherited","Ditrema temminckii"
"281","Doederleinia berycoides","Acropomatiformes","present","",1005375,"","Doederleinia berycoides"
"282","Pholis nebulosa","Perciformes/Zoarcoidei","present","",1084060,"","Pholis nebulosa"
"283","Entomacrodus stellifer","Blenniiformes","present","",3639477,"","Entomacrodus stellifer"
"284","Eopsetta grigorjewi","Pleuronectiformes","present","",331920,"","Eopsetta grigorjewi"
"285","Hyporthodus septemfasciatus","Perciformes/Serranoidei","present","",481019,"","Hyporthodus septemfasciatus"
"286","Epinephelus coioides","Perciformes/Serranoidei","present","y",457795,"","Epinephelus coioides"
"287","Favonigobius gymnauchen","Gobiiformes","present","",100808,"","Favonigobius gymnauchen"
"288","Pseudanthias squamipinnis","Perciformes/Serranoidei","present","",26905,"","Pseudanthias squamipinnis"
"289","Gadus macrocephalus","Gadiformes","present","y",56885,"","Gadus macrocephalus"
"290","Gasterosteus aculeatus","Perciformes/Gasterosteoidei","present","y",401066,"","Gasterosteus aculeatus"
"291","Gasterosteus aculeatus aculeatus",NA,"present","y",111122,"infraspecific","Gasterosteus aculeatus aculeatus"
"292","Geophagus steindachneri","Cichliformes","present","",87568,"","Geophagus steindachneri"
"293","Girella punctata","Centrarchiformes","present","",188324,"","Girella punctata"
"294","Glossanodon semifasciatus","Argentiniformes","present","",562634,"","Glossanodon semifasciatus"
"295","Gnathonemus petersii","Osteoglossiformes","present","",115478,"","Gnathonemus petersii"
"296","Gymnocorymbus ternetzi","Characiformes","present","",783051,"","Gymnocorymbus ternetzi"
"297","Gymnodraco acuticeps","Perciformes/Notothenioidei","present","y",781785,"","Gymnodraco acuticeps"
"298","Gymnotus pantherinus","Gymnotiformes","present","",445404,"","Gymnotus pantherinus"
"299","Parajulis poecilepterus","Eupercaria/misc","present","",127504,"","Parajulis poecilepterus"
"300","Halichoeres tenuispinis","Eupercaria/misc","present","",1095891,"","Halichoeres tenuispinis"
"301","Batrachomoeus trispinosus","Batrachoidiformes","present","",713029,"","Batrachomoeus trispinosus"
"302","Hemiodus semitaeniatus","Characiformes","present","",3624386,"","Hemiodus semitaeniatus"
"303","Hemiodus sterni","Characiformes","present","",3624388,"","Hemiodus sterni"
"304","Hepsetus odoe","Characiformes","present","y",128234,"","Hepsetus odoe"
"305","Hexagrammos agrammus","Perciformes/Cottoidei","present","",185865,"","Hexagrammos agrammus"
"306","Hippocampus guttulatus","Syngnathiformes","present","y",630164,"","Hippocampus guttulatus"
"307","Hypodytes rubripinnis",NA,"present","y",463550,"","Hypodytes rubripinnis"
"308","Hypomesus nipponensis","Osmeriformes","present","y",37114,"","Hypomesus nipponensis"
"309","Lagocephalus wheeleri","Tetraodontiformes","present","",986276,"","Lagocephalus wheeleri"
"310","Lateolabrax japonicus","Acropomatiformes","present","",186480,"","Lateolabrax japonicus"
"311","Pseudomystus siamensis","Siluriformes","present","",566357,"","Pseudomystus siamensis"
"312","Nuchequula nuchalis","Acanthuriformes","present","",89840,"","Nuchequula nuchalis"
"313","Lepidotrigla microptera","Perciformes/Scorpaenoidei","present","",438423,"","Lepidotrigla microptera"
"314","Lepomis macrochirus","Centrarchiformes","present","y",836783,"","Lepomis macrochirus"
"315","Leporinus fasciatus","Characiformes","present","",546980,"","Leporinus fasciatus"
"316","Rutilus rutilus","Cypriniformes","present","",421037,"","Rutilus rutilus"
"317","Pseudopleuronectes yokohamae","Pleuronectiformes","present","",608831,"","Pseudopleuronectes yokohamae"
"318","Planiliza haematocheilus","Mugiliformes","present","",963124,"","Planiliza haematocheilus"
"319","Inimicus japonicus","Perciformes/Scorpaenoidei","present","",301023,"","Inimicus japonicus"
"320","Lophiosilurus alexandri","Siluriformes","present","",498407,"","Lophiosilurus alexandri"
"321","Lophius litulon","Lophiiformes","present","",607757,"","Lophius litulon"
"322","Sander lucioperca","Perciformes/Percoidei","present","y",557682,"","Sander lucioperca"
"323","Microcanthus strigatus","Centrarchiformes","present","",188292,"","Microcanthus strigatus"
"324","Microglanis cottoides","Siluriformes","present","",3624176,"","Microglanis cottoides"
"325","Micropterus salmoides","Centrarchiformes","present","y",230493,"","Micropterus salmoides"
"326","Monodactylus argenteus","Eupercaria/misc","present","",763919,"","Monodactylus argenteus"
"327","Mormyrus kannume","Osteoglossiformes","present","",3643916,"","Mormyrus kannume"
"328","Mugil cephalus","Mugiliformes","present","y",418648,"","Mugil cephalus"
"329","Chitala chitala","Osteoglossiformes","present","",863123,"","Chitala chitala"
"330","Notopterus notopterus","Osteoglossiformes","present","",904617,"","Notopterus notopterus"
"331","Oncorhynchus masou","Salmoniformes","present","",982404,"","Oncorhynchus masou"
"332","Oncorhynchus mykiss (species in domain Eukaryota)",NA,"present","y",165368,"","Oncorhynchus mykiss (species in domain Eukaryota)"
"333","Oncorhynchus masou masou",NA,"present","y",207835,"infraspecific","Oncorhynchus masou masou"
"334","Ophisurus macrorhynchos","Anguilliformes","present","",65747,"","Ophisurus macrorhynchos"
"335","Oplegnathus fasciatus","Centrarchiformes","present","y",711801,"","Oplegnathus fasciatus"
"336","Osphronemus goramy","Anabantiformes","present","",612525,"","Osphronemus goramy"
"337","Oxycirrhites typus","Centrarchiformes","present","",702709,"","Oxycirrhites typus"
"338","Pagothenia borchgrevinki","Perciformes/Notothenioidei","present","y",781792,"","Pagothenia borchgrevinki"
"339","Pagrus major","Eupercaria/misc","present","y",765344,"","Pagrus major"
"340","Pangasius polyuranodon","Siluriformes","present","",199220,"","Pangasius polyuranodon"
"341","Papyrocranus afer","Osteoglossiformes","present","",239121,"","Papyrocranus afer"
"342","Paralichthys olivaceus","Pleuronectiformes","present","y",883392,"","Paralichthys olivaceus"
"343","Parapercis sexfasciata","Perciformes/Uranoscopoidei","present","",132534,"","Parapercis sexfasciata"
"344","Paraplagusia japonica","Pleuronectiformes","present","",126710,"","Paraplagusia japonica"
"345","Parapristipoma trilineatum","Eupercaria/misc","present","",64274,"","Parapristipoma trilineatum"
"346","Parupeneus barberinoides","Mulliformes","present","",758968,"","Parupeneus barberinoides"
"347","Parablennius yatabei","Blenniiformes","present","",155048,"","Parablennius yatabei"
"348","Ophichthus zophistius",NA,"present","",483995,"","Ophichthus zophistius"
"349","Platycephalus indicus","Perciformes/Scorpaenoidei","present","",599906,"","Platycephalus indicus"
"350","Plecoglossus altivelis","Osmeriformes","present","y",486933,"","Plecoglossus altivelis"
"351","Pleuragramma antarctica",NA,"present","",303042,"","Pleuragramma antarctica"
"352","Pleuronichthys cornutus","Pleuronectiformes","present","",891078,"","Pleuronichthys cornutus"
"353","Pogonophryne scotti","Perciformes/Notothenioidei","present","",659897,"","Pogonophryne scotti"
"354","Polypterus bichir","Polypteriformes","present","",735234,"","Polypterus bichir"
"355","Porichthys notatus","Batrachoidiformes","present","",720409,"","Porichthys notatus"
"356","Pterophyllum scalare","Cichliformes","present","",220929,"","Pterophyllum scalare"
"357","Psenopsis anomala","Scombriformes","present","",137653,"","Psenopsis anomala"
"358","Pseudoblennius percoides","Perciformes/Cottoidei","present","",3632196,"","Pseudoblennius percoides"
"359","Pseudolabrus japonicus","Eupercaria/misc","present","",823202,"","Pseudolabrus japonicus"
"360","Pseudopimelodus bufonius","Siluriformes","present","",61474,"","Pseudopimelodus bufonius"
"361","Pseudopimelodus mangurus","Siluriformes","present","",61478,"","Pseudopimelodus mangurus"
"362","Pterogobius elapoides","Gobiiformes","present","",173379,"","Pterogobius elapoides"
"363","Pterogobius virgo","Gobiiformes","present","",173385,"","Pterogobius virgo"
"364","Pteragogus flagellifer","Eupercaria/misc","present","",351871,"","Pteragogus flagellifer"
"365","Pygocentrus nattereri","Characiformes","present","y",649803,"","Pygocentrus nattereri"
"366","Pyrrhulina australis","Characiformes","present","",435753,"","Pyrrhulina australis"
"367","Rastrelliger brachysoma","Scombriformes","present","",916275,"","Rastrelliger brachysoma"
"368","Repomucenus richardsonii",NA,"present","",473931,"","Repomucenus richardsonii"
"369","Oncorhynchus mykiss gairdneri",NA,"present","",57412,"infraspecific","Oncorhynchus mykiss gairdneri"
"370","Oncorhynchus mykiss irideus",NA,"present","",578312,"infraspecific","Oncorhynchus mykiss irideus"
"371","Salmo salar","Salmoniformes","present","y",688328,"","Salmo salar"
"372","Salvelinus leucomaenis","Salmoniformes","present","",688317,"","Salvelinus leucomaenis"
"373","Sargocentron sp.",NA,"present","",983871,"not_otu, incertae_sedis","Sargocentron sp."
"374","Saurida undosquamis","Aulopiformes","present","",802170,"","Saurida undosquamis"
"375","Scatophagus argus","Acanthuriformes","present","",773212,"","Scatophagus argus"
"376","Scomber japonicus","Scombriformes","present","y",70556,"","Scomber japonicus"
"377","Sebastes inermis","Perciformes/Scorpaenoidei","present","",767460,"sibling_higher","Sebastes inermis"
"378","Sebastes schlegelii","Perciformes/Scorpaenoidei","present","",206127,"sibling_higher","Sebastes schlegelii"
"379","Sebastes hubbsi","Perciformes/Scorpaenoidei","present","y",778320,"sibling_higher","Sebastes hubbsi"
"380","Sebastiscus marmoratus","Perciformes/Scorpaenoidei","present","",986386,"","Sebastiscus marmoratus"
"381","Seriola quinqueradiata","Carangiformes","present","y",186469,"","Seriola quinqueradiata"
"382","Serrasalmus maculatus","Characiformes","present","",900276,"","Serrasalmus maculatus"
"383","Siganus fuscescens","Acanthuriformes","present","y",927037,"","Siganus fuscescens"
"384","Sillago japonica","Eupercaria/misc","present","",56114,"","Sillago japonica"
"385","Solea senegalensis","Pleuronectiformes","present","y",366998,"","Solea senegalensis"
"386","Sphaeramia nematoptera","Kurtiformes","present","",799234,"","Sphaeramia nematoptera"
"387","Sphyraena pinguis","Carangaria/misc","present","",691678,"incertae_sedis_inherited","Sphyraena pinguis"
"388","Steindachneridion parahybae","Siluriformes","present","",297574,"","Steindachneridion parahybae"
"389","Stephanolepis cirrhifer","Tetraodontiformes","present","",191033,"","Stephanolepis cirrhifer"
"390","Symphysodon aequifasciata",NA,"present","",220923,"","Symphysodon aequifasciata"
"391","Syngnathus schlegeli","Syngnathiformes","present","",259361,"","Syngnathus schlegeli"
"392","Takifugu alboplumbeus","Tetraodontiformes","present","",465414,"","Takifugu alboplumbeus"
"393","Takifugu pardalis","Tetraodontiformes","present","",407058,"","Takifugu pardalis"
"394","Takifugu xanthopterus","Tetraodontiformes","present","",139541,"","Takifugu xanthopterus"
"395","Tetraodon fluviatilis",NA,"present","",120277,"","Tetraodon fluviatilis"
"396","Thamnaconus modestus","Tetraodontiformes","present","",793159,"","Thamnaconus modestus"
"397","Toxotes jaculatrix","Carangaria/misc","present","",712588,"incertae_sedis_inherited","Toxotes jaculatrix"
"398","Trachurus japonicus","Carangiformes","present","y",43502,"","Trachurus japonicus"
"399","Trichiurus lepturus","Scombriformes","present","",143398,"extinct","Trichiurus lepturus"
"400","Trichopodus leerii","Anabantiformes","present","",785740,"","Trichopodus leerii"
"401","Trogloglanis pattersoni","Siluriformes","present","y",3624008,"","Trogloglanis pattersoni"
"402","Utiaritichthys sennaebragai","Characiformes","present","",3625952,"","Utiaritichthys sennaebragai"
"403","Xenomystus nigri","Osteoglossiformes","present","",863129,"","Xenomystus nigri"
"404","Zanclus cornutus","Acanthuriformes","present","y",199070,"","Zanclus cornutus"
"405","Zebrasoma velifer","Acanthuriformes","present","",3638940,"","Zebrasoma velifer"
"406","Zeus faber","Zeiformes","present","y",918920,"","Zeus faber"
"407","Cichlasoma paranaense","Cichliformes","present","",167686,"sibling_higher","Cichlasoma paranaense"
"408","Acaronia nassa","Cichliformes","present","",170137,"","Acaronia nassa"
"409","Bujurquina vittata","Cichliformes","present","y",498815,"","Bujurquina vittata"
"410","Chaetobranchus flavescens","Cichliformes","present","",744497,"","Chaetobranchus flavescens"
"411","Parachromis managuensis","Cichliformes","present","y",797202,"","Parachromis managuensis"
"412","Cichla kelberi","Cichliformes","present","",187228,"","Cichla kelberi"
"413","Chelon labrosus","Mugiliformes","present","y",777079,"","Chelon labrosus"
"414","Toxotes chatareus","Carangaria/misc","present","y",367548,"incertae_sedis_inherited","Toxotes chatareus"
"415","Astyanax mexicanus","Characiformes","present","y",701518,"","Astyanax mexicanus"
"416","Chionodraco hamatus","Perciformes/Notothenioidei","present","y",185365,"","Chionodraco hamatus"
"417","Akarotaxis nudiceps","Perciformes/Notothenioidei","present","y",682053,"","Akarotaxis nudiceps"
"418","Dolloidraco longedorsalis","Perciformes/Notothenioidei","present","y",268810,"","Dolloidraco longedorsalis"
"419","Trematomus loennbergii","Perciformes/Notothenioidei","present","y",985377,"","Trematomus loennbergii"
"420","Trematomus bernacchii","Perciformes/Notothenioidei","present","y",985361,"","Trematomus bernacchii"
"421","Acipenser baerii","Acipenseriformes","present","",518827,"","Acipenser baerii"
"422","Agoniates halecinus","Characiformes","present","",673669,"","Agoniates halecinus"
"423","Astyanax altiparanae","Characiformes","present","",466082,"","Astyanax altiparanae"
"424","Cephalosilurus fowleri","Siluriformes","present","",3624192,"","Cephalosilurus fowleri"
"425","Chalceus erythrurus","Characiformes","present","",990648,"","Chalceus erythrurus"
"426","Cynodon gibbus","Characiformes","present","",545269,"","Cynodon gibbus"
"427","Diplodus sargus","Eupercaria/misc","present","y",239665,"","Diplodus sargus"
"428","Dissostichus mawsoni","Perciformes/Notothenioidei","present","y",504786,"","Dissostichus mawsoni"
"429","Epinephelus coioides","Perciformes/Serranoidei","present","y",457795,"","Epinephelus coioides"
"430","Gymnodraco acuticeps","Perciformes/Notothenioidei","present","y",781785,"","Gymnodraco acuticeps"
"431","Hoplerythrinus unitaeniatus","Characiformes","present","",719840,"","Hoplerythrinus unitaeniatus"
"432","Larimichthys crocea","Eupercaria/misc","present","y",679823,"","Larimichthys crocea"
"433","Lepisosteus osseus","Lepisosteiformes","present","y",519445,"","Lepisosteus osseus"
"434","Mugil cephalus","Mugiliformes","present","y",418648,"","Mugil cephalus"
"435","Myloplus rubripinnis","Characiformes","present","",753357,"","Myloplus rubripinnis"
"436","Chitala chitala","Osteoglossiformes","present","",863123,"","Chitala chitala"
"437","Notothenia coriiceps","Perciformes/Notothenioidei","present","y",258643,"","Notothenia coriiceps"
"438","Oncorhynchus mykiss (species in domain Eukaryota)",NA,"present","y",165368,"","Oncorhynchus mykiss (species in domain Eukaryota)"
"439","Paraliparis devriesi","Perciformes/Cottoidei","present","",3631818,"","Paraliparis devriesi"
"440","Pimelodus maculatus","Siluriformes","present","y",386663,"","Pimelodus maculatus"
"441","Porichthys notatus","Batrachoidiformes","present","",720409,"","Porichthys notatus"
"442","Rhoadsia altipinna","Characiformes","present","",3625978,"","Rhoadsia altipinna"
"443","Salminus hilarii","Characiformes","present","",180301,"","Salminus hilarii"
"444","Satan eurystomus","Siluriformes","present","",3624005,"","Satan eurystomus"
"445","Schizodon nasutus","Characiformes","present","",469757,"","Schizodon nasutus"
"446","Scorpaena porcus","Perciformes/Scorpaenoidei","present","",223715,"","Scorpaena porcus"
"447","Scyliorhinus canicula","Carcharhiniformes","present","",1026500,"","Scyliorhinus canicula"
"448","Tetragonopterus argenteus","Characiformes","present","",282555,"","Tetragonopterus argenteus"
"449","Trematomus lepidorhinus","Perciformes/Notothenioidei","present","",985371,"","Trematomus lepidorhinus"
"450","Salminus brasiliensis","Characiformes","present","y",419009,"","Salminus brasiliensis"
"451","Scophthalmus maximus","Pleuronectiformes","present","y",778695,"","Scophthalmus maximus"
"452","Acipenser baerii","Acipenseriformes","present","",518827,"","Acipenser baerii"
"453","Acipenser transmontanus","Acipenseriformes","present","y",378925,"","Acipenser transmontanus"
"454","Anguilla anguilla","Anguilliformes","present","y",854201,"","Anguilla anguilla"
"455","Apareiodon affinis","Characiformes","present","",533482,"","Apareiodon affinis"
"456","Cottoperca gobio","Perciformes/Notothenioidei","present","y",867530,"","Cottoperca gobio"
"457","Dasyatis akajei",NA,"present","",225332,"sibling_higher","Dasyatis akajei"
"458","Epinephelus adscensionis","Perciformes/Serranoidei","present","",534151,"","Epinephelus adscensionis"
"459","Sander lucioperca","Perciformes/Percoidei","present","",557682,"","Sander lucioperca"
"460","Pseudopleuronectes americanus","Pleuronectiformes","present","y",261419,"","Pseudopleuronectes americanus"
"461","Oncorhynchus mykiss irideus",NA,"present","",578312,"infraspecific","Oncorhynchus mykiss irideus"
"462","Serrasalmus maculatus","Characiformes","present","",900276,"","Serrasalmus maculatus"
"463","Silurus asotus","Siluriformes","present","",967323,"","Silurus asotus"
"464","Sphoeroides rubripes",NA,"present","",3631199,"","Sphoeroides rubripes"
"465","Acarichthys heckelii","Cichliformes","present","",16170,"","Acarichthys heckelii"
"466","Aequidens plagiozonatus","Cichliformes","present","",3636223,"","Aequidens plagiozonatus"
"467","Chelon labrosus","Mugiliformes","present","y",777079,"","Chelon labrosus"
"468","Scyliorhinus canicula","Carcharhiniformes","present","",1026500,"","Scyliorhinus canicula"
