"","X","Species","Order","Family","Genus","SV3","presence","genome.assembly","ott_id","flags","tips","SV.not.in.figure","latitude"
"1",1,"Apistogramma commbrae","Cichliformes","Cichlidae","Apistogramma",0,"absent","",3636286,"","Apistogramma_commbrae",NA,27.5
"2",2,"Monopterus cuchia","Synbranchiformes","Synbranchidae","Monopterus",0,"absent","",1067002,"","Monopterus_cuchia",NA,24.5
"3",3,"Apistogramma borellii","Cichliformes","Cichlidae","Apistogramma",0,"absent","",3636296,"","Apistogramma_borellii",NA,24
"4",4,"Apistogramma trifasciata","Cichliformes","Cichlidae","Apistogramma",0,"absent","",3636304,"","Apistogramma_trifasciata",NA,19.5
"5",5,"Biotoecus opercularis","Cichliformes","Cichlidae","Biotoecus",0,"absent","",3636363,"","Biotoecus_opercularis",NA,10
"6",6,"Danio rerio","Cypriniformes","Cyprinidae","Danio",0,"absent","y",1005914,"","Danio_rerio",NA,26
"7",7,"Carassius auratus","Cypriniformes","Cyprinidae","Carassius",1,"present","y",1005907,"","Carassius_auratus",NA,36
"8",8,"Carassius carassius","Cypriniformes","Cyprinidae","Carassius",0,"absent","",1010092,"","Carassius_carassius",NA,53
"9",9,"Channa gachua","Anabantiformes","Channidae","Channa",0,"absent","",589530,"","Channa_gachua",NA,20
"10",10,"Channa punctata","Anabantiformes","Channidae","Channa",0,"absent","",1008460,"","Channa_punctata",NA,20
"11",11,"Channa striata","Anabantiformes","Channidae","Channa",0,"absent","y",1048597,"","Channa_striata",NA,15
"12",12,"Clarias batrachus","Siluriformes","Clariidae","Clarias",0.5,"present","y",107857,"","Clarias_batrachus",NA,13.5
"13",13,"Gymnarchus niloticus","Osteoglossiformes","Gymnarchidae","Gymnarchus",0,"absent","y",115490,"","Gymnarchus_niloticus",NA,10.5
"14",14,"Heteropneustes fossilis","Siluriformes","Heteropneustidae","Heteropneustes",0,"absent","",700872,"","Heteropneustes_fossilis",NA,20
"15",15,"Ariopsis seemanni","Siluriformes","Ariidae","Ariopsis",1.5,"present","y",704267,"","Ariopsis_seemanni",NA,20.5
"16",16,"Pimelodus pictus","Siluriformes","Pimelodidae","Pimelodus",3,"present","",488963,"","Pimelodus_pictus",NA,13
"17",17,"Oreochromis mossambicus","Cichliformes","Cichlidae","Oreochromis",0,"absent","y",288069,"sibling_higher","Oreochromis_mossambicus",NA,18.5
"18",18,"Amia calva","Amiiformes","Amiidae","Amia",3,"present","y",329623,"","Amia_calva",NA,39
"19",19,"Astyanax jordani","Characiformes","Characidae","Astyanax",1,"present","",1044706,"","Astyanax_jordani",NA,48
"20",20,"Astyanax mexicanus","Characiformes","Characidae","Astyanax",3.5,"present","y",701518,"","Astyanax_mexicanus",NA,22
"21",21,"Bovichtus diacanthus","Perciformes","Bovichtidae","Bovichtus",1,"present","y",842177,"","Bovichtus_diacanthus",NA,NA
"22",22,"Clarias gariepinus","Siluriformes","Clariidae","Clarias",NA,"present","y",240811,"","Clarias_gariepinus",NA,10
"23",23,"Clupea harengus","Clupeiformes","Clupeidae","Clupea",NA,"present","y",1005932,"","Clupea_harengus",NA,60
"24",24,"Ctenopharyngodon idella","Cypriniformes","Cyprinidae","Ctenopharyngodon",1,"present","y",1005936,"","Ctenopharyngodon_idella",NA,35
"25",25,"Diplomystes mesembrinus","Siluriformes","Diplomystidae","Diplomystes",1,"present","",536094,"","Diplomystes_mesembrinus",NA,NA
"26",26,"Erpetoichthys calabaricus","Polypteriformes","Polypteridae","Erpetoichthys",NA,"present","y",451269,"","Erpetoichthys_calabaricus",NA,6
"27",27,"Rhinogobius flumineus","Gobiiformes","Gobiidae","Rhinogobius",1,"present","",518755,"","Rhinogobius_flumineus",NA,35.5
"28",28,"Diplodus sargus","Spariformes","Sparidae","Diplodus",3.25,"present","y",239665,"","Diplodus_sargus",NA,41
"29",29,"Gambusia affinis","Cyprinodontiformes","Poeciliidae","Gambusia",0,"absent","y",617445,"","Gambusia_affinis",NA,28.5
"30",30,"Coryphaena hippurus","Carangiformes","Coryphaenidae","Coryphaena",3,"present","",223663,"","Coryphaena_hippurus",NA,22
"31",31,"Katsuwonus pelamis","Scombriformes","Scombridae","Katsuwonus",1,"present","y",308754,"","Katsuwonus_pelamis",NA,22
"32",32,"Xiphias gladius","Istiophoriformes","Xiphiidae","Xiphias",0,"absent","y",358621,"","Xiphias_gladius",NA,24.5
"33",33,"Lepomis macrochirus","Centrarchiformes","Centrarchidae","Lepomis",2,"present","y",836783,"","Lepomis_macrochirus",NA,35
"34",34,"Neolamprologus brichardi","Cichliformes","Cichlidae","Neolamprologus",0,"absent","y",279935,"","Neolamprologus_brichardi",NA,18
"35",35,"Nothobranchius furzeri","Cyprinodontiformes","Nothobranchiidae","Nothobranchius",0,"absent","y",513643,"","Nothobranchius_furzeri",NA,30.5
"36",36,"Odontesthes bonariensis","Atheriniformes","Atherinopsidae","Odontesthes",0,"absent","y",960735,"","Odontesthes_bonariensis",NA,33.5
"37",37,"Rastrelliger brachysoma","Scombriformes","Scombridae","Rastrelliger",3,"present","y",916275,"","Rastrelliger_brachysoma",NA,13
"38",38,"Phoxinus phoxinus","Cypriniformes","Cyprinidae","Phoxinus",0,"absent","y",1019917,"","Phoxinus_phoxinus",NA,52
"39",39,"Poecilia reticulata","Cyprinodontiformes","Poeciliidae","Poecilia",0,"absent","y",312452,"","Poecilia_reticulata",NA,14.5
"40",40,"Taeniacara candidi","Cichliformes","Cichlidae","Taeniacara",0,"absent","",128244,"","Taeniacara_candidi",NA,10
"41",41,"Chaetodon miliaris","Chaetodontiformes","Chaetodontidae","Chaetodon",1,"present","",766706,"","Chaetodon_miliaris",NA,26
"42",42,"Chaetodon multicinctus","Chaetodontiformes","Chaetodontidae","Chaetodon",1,"present","",766709,"","Chaetodon_multicinctus",NA,48
"43",43,"Cyprinus carpio","Cypriniformes","Cyprinidae","Cyprinus",1,"present","y",429083,"","Cyprinus_carpio",NA,37.5
"44",44,"Echeneis naucrates","Carangiformes","Echeneidae","Echeneis",1,"present","y",776562,"","Echeneis_naucrates",NA,19
"45",45,"Acarichthys heckelii","Cichliformes","Cichlidae","Acarichthys",NA,"present","",16170,"","Acarichthys_heckelii",NA,9.5
"46",46,"Acipenser baerii","Acipenseriformes","Acipenseridae","Acipenser",3.25,"present","",518827,"","Acipenser_baerii",NA,56
"47",47,"Acipenser transmontanus","Acipenseriformes","Acipenseridae","Acipenser",1,"present","y",378925,"","Acipenser_transmontanus",NA,48.5
"48",48,"Apareiodon affinis","Characiformes","Parodontidae","Apareiodon",NA,"present","",533482,"","Apareiodon_affinis",NA,27.5
"49",49,"Conger myriaster","Anguilliformes","Congridae","Conger",3,"present","",479867,"","Conger_myriaster",NA,34
"50",50,"Cottoperca gobio","Perciformes","Bovichtidae","Cottoperca",NA,"present","y",867530,"","Cottoperca_gobio",NA,60
"51",51,"Dasyatis akajei","Myliobatiformes","Dasyatidae","Dasyatis",1,"present","",225332,"sibling_higher","Dasyatis_akajei",NA,NA
"52",52,"Epinephelus adscensionis","Perciformes","Serranidae","Epinephelus",NA,"present","",534151,"","Epinephelus_adscensionis",NA,21
"53",53,"Sander lucioperca","Perciformes","Percidae","Sander",3,"present","y",557682,"","Sander_lucioperca",NA,49
"54",54,"Scophthalmus maximus","Pleuronectiformes","Scophthalmidae","Scophthalmus",2.25,"present","y",778695,"","Scophthalmus_maximus",NA,52
"55",55,"Pseudopleuronectes americanus","Pleuronectiformes","Pleuronectidae","Pseudopleuronectes",1,"present","y",261419,"","Pseudopleuronectes_americanus",NA,42
"56",56,"Salminus brasiliensis","Characiformes","Bryconidae","Salminus",NA,"present","y",419009,"","Salminus_brasiliensis",NA,27
"57",57,"Oncorhynchus mykiss irideus","Salmoniformes","Salmonidae","Oncorhynchus",3,"present","",578312,"infraspecific","Oncorhynchus_mykiss irideus",NA,NA
"58",58,"Serrasalmus maculatus","Characiformes","Serrasalmidae","Serrasalmus",3,"present","",900276,"","Serrasalmus_maculatus",NA,23.5
"59",59,"Silurus asotus","Siluriformes","Siluridae","Silurus",1,"present","y",967323,"","Silurus_asotus",NA,44.5
"60",60,"Sphoeroides rubripes","Tetraodontiformes","Tetraodontidae","Sphoeroides",NA,"present","",3631199,"","Sphoeroides_rubripes",NA,NA
"61",61,"Enoplosus armatus","Centrarchiformes","Enoplosidae","Enoplosus",NA,"present","y",54499,"","Enoplosus_armatus",NA,34.5
"62",62,"Mystus bleekeri","Siluriformes","Bagridae","Mystus",NA,"present","",484171,"","Mystus_bleekeri",NA,23
"63",63,"Mystus cavasius","Siluriformes","Bagridae","Mystus",NA,"present","",394571,"","Mystus_cavasius",NA,17.5
"64",64,"Mystus gulio","Siluriformes","Bagridae","Mystus",3.5,"present","",728947,"","Mystus_gulio",NA,20
"65",65,"Sperata seenghala","Siluriformes","Bagridae","Sperata",NA,"present","",250296,"","Sperata_seenghala",NA,20
"66",66,"Mystus tengara","Siluriformes","Bagridae","Mystus",NA,"present","",863892,"","Mystus_tengara",NA,20.5
"67",67,"Gogangra viridescens","Siluriformes","Sisoridae","Gogangra",NA,"present","",641167,"","Gogangra_viridescens",NA,27.5
"68",68,"Ompok bimaculatus","Siluriformes","Siluridae","Ompok",1,"present","y",670820,"","Ompok_bimaculatus",NA,19.5
"69",69,"Polyodon spathula","Acipenseriformes","Polyodontidae","Polyodon",0.5,"present","y",904101,"","Polyodon_spathula",NA,41.5
"70",70,"Silonia silondia","Siluriformes","Schilbeidae","Silonia",NA,"present","",350492,"","Silonia_silondia",NA,22.5
"71",71,"Aequidens plagiozonatus","Cichliformes","Cichlidae","Aequidens",NA,"present","",3636223,"","Aequidens_plagiozonatus",NA,19.5
"72",72,"Anguilla anguilla","Anguilliformes","Anguillidae","Anguilla",3,"present","y",854201,"","Anguilla_anguilla",NA,49.5
"73",73,"Chelon labrosus","Mugiliformes","Mugilidae","Chelon",2,"present","y",777079,"","Chelon_labrosus",NA,48.5
"74",74,"Scyliorhinus canicula","Carcharhiniformes","Scyliorhinidae","Scyliorhinus",3.5,"present","",1026500,"","Scyliorhinus_canicula",NA,46
"75",75,"Piaractus brachypomus","Characiformes","Serrasalmidae","Piaractus",3,"present","",24657,"","Piaractus_brachypomus",NA,13
"76",76,"Roeboexodon guyanensis","Characiformes","Characidae","Roeboexodon",NA,"present","",575376,"","Roeboexodon_guyanensis",NA,37.5
"77",77,"Anableps anableps","Cyprinodontiformes","Anablepidae","Anableps",0,"absent","y",349121,"","Anableps_anableps",NA,37.5
"78",78,"Aphyocharax dentatus","Characiformes","Characidae","Aphyocharax",0,"absent","",13154,"","Aphyocharax_dentatus",NA,23
"79",79,"Arapaima gigas","Osteoglossiformes","Osteoglossidae","Arapaima",0,"absent","y",335725,"","Arapaima_gigas",NA,13.5
"80",80,"Belonesox belizanus","Cyprinodontiformes","Poeciliidae","Belonesox",0,"absent","",913297,"","Belonesox_belizanus",NA,39.5
"81",81,"Betta splendens","Anabantiformes","Osphronemidae","Betta",0,"absent","y",1033356,"","Betta_splendens",NA,25.5
"82",82,"Channa micropeltes","Anabantiformes","Channidae","Channa",0,"absent","",332862,"","Channa_micropeltes",NA,13
"83",83,"Charax leticiae","Characiformes","Characidae","Charax",0,"absent","",1091396,"","Charax_leticiae",NA,23.5
"84",84,"Cobitis biwae","Cypriniformes","Cobitidae","Cobitis",0,"absent","",638827,"","Cobitis_biwae",NA,35.5
"85",85,"Cololabis saira","Beloniformes","Belonidae","Cololabis",0,"absent","y",427511,"","Cololabis_saira",NA,47.5
"86",86,"Corydoras paleatus","Siluriformes","Callichthyidae","Corydoras",0,"absent","",267119,"","Corydoras_paleatus",NA,30.5
"87",87,"Crenicara punctulatum","Cichliformes","Cichlidae","Crenicara",0,"absent","",461830,"","Crenicara_punctulatum",NA,NA
"88",88,"Cheilopogon heterurus","Beloniformes","Exocoetidae","Cheilopogon",0,"absent","",850211,"","Cheilopogon_heterurus",NA,37
"89",89,"Dermogenys pusilla","Beloniformes","Zenarchopteridae","Dermogenys",0,"absent","",139152,"","Dermogenys_pusilla",NA,16.5
"90",90,"Dicentrarchus labrax","Perciformes","Moronidae","Dicentrarchus",3,"present","y",3549,"","Dicentrarchus_labrax",NA,46.5
"91",91,"Dicrossus warzeli","Cichliformes","Cichlidae","Dicrossus",0,"absent","",3636430,"","Dicrossus_warzeli",NA,17.5
"92",92,"Electrophorus electricus","Gymnotiformes","Gymnotidae","Electrophorus",0,"absent","y",216168,"","Electrophorus_electricus",NA,13
"93",93,"Esox lucius","Esociformes","Esocidae","Esox",0,"absent","y",739941,"","Esox_lucius",NA,50
"94",94,"Exodon paradoxus","Characiformes","Characidae","Exodon",0,"absent","",335632,"","Exodon_paradoxus",NA,15.5
"95",95,"Glossolepis incisus","Atheriniformes","Melanotaeniidae","Glossolepis",0,"absent","",976546,"","Glossolepis_incisus",NA,NA
"96",96,"Gymnogeophagus balzanii","Cichliformes","Cichlidae","Gymnogeophagus",0,"absent","",416755,"","Gymnogeophagus_balzanii",NA,27.5
"97",97,"Gymnogeophagus meridionalis","Cichliformes","Cichlidae","Gymnogeophagus",0,"absent","",450053,"","Gymnogeophagus_meridionalis",NA,30.5
"98",98,"Nimbochromis venustus","Cichliformes","Cichlidae","Nimbochromis",0,"absent","",888881,"","Nimbochromis_venustus",NA,21
"99",99,"Helostoma temminkii","Anabantiformes","Helostomatidae","Helostoma",0,"absent","y",754856,"","Helostoma_temminkii",NA,NA
"100",100,"Hemichromis bimaculatus","Cichliformes","Cichlidae","Hemichromis",0,"absent","",312269,"","Hemichromis_bimaculatus",NA,NA
"101",101,"Hemichromis guttatus","Cichliformes","Cichlidae","Hemichromis",0,"absent","",839353,"","Hemichromis_guttatus",NA,NA
"102",102,"Hepsetus odoe","Characiformes","Hepsetidae","Hepsetus",3,"present","y",128234,"","Hepsetus_odoe",NA,7
"103",103,"Heterocharax leptogrammus","Characiformes","Characidae","Heterocharax",0,"absent","",3624837,"","Heterocharax_leptogrammus",NA,7
"104",104,"Heterotis niloticus","Osteoglossiformes","Osteoglossidae","Heterotis",0,"absent","y",916703,"","Heterotis_niloticus",NA,8
"105",105,"Hypoatherina valenciennei","Atheriniformes","Atherinidae","Hypoatherina",0,"absent","",828581,"","Hypoatherina_valenciennei",NA,23.5
"106",106,"Hyporhamphus sajori","Beloniformes","Hemiramphidae","Hyporhamphus",0,"absent","",496667,"","Hyporhamphus_sajori",NA,37
"107",107,"Iguanodectes spilurus","Characiformes","Iguanodectidae","Iguanodectes",0,"absent","",3625587,"","Iguanodectes_spilurus",NA,12.5
"108",108,"Jordanella floridae","Cyprinodontiformes","Cyprinodontidae","Jordanella",0,"absent","",82326,"","Jordanella_floridae",NA,48
"109",109,"Luciocephalus pulcher","Anabantiformes","Osphronemidae","Luciocephalus",0,"absent","",377745,"","Luciocephalus_pulcher",NA,20.5
"110",110,"Metynnis hypsauchen","Characiformes","Serrasalmidae","Metynnis",1.5,"present","",506575,"","Metynnis_hypsauchen",NA,17.5
"111",111,"Metynnis lippincottianus","Characiformes","Serrasalmidae","Metynnis",0,"absent","",1095505,"","Metynnis_lippincottianus",NA,17.5
"112",112,"Mikrogeophagus ramirezi","Cichliformes","Cichlidae","Mikrogeophagus",3,"present","",316392,"","Mikrogeophagus_ramirezi",NA,14.5
"113",113,"Misgurnus anguillicaudatus","Cypriniformes","Cobitidae","Misgurnus",0,"absent","y",312382,"","Misgurnus_anguillicaudatus",NA,34.5
"114",114,"Monopterus albus","Synbranchiformes","Synbranchidae","Monopterus",0,"absent","y",655999,"","Monopterus_albus",NA,18
"115",115,"Phoxinus oxycephalus jouyi","Cypriniformes","Cyprinidae","Phoxinus",0,"absent","",343644,"infraspecific","Phoxinus_oxycephalus jouyi",NA,NA
"116",116,"Myleus setiger","Characiformes","Serrasalmidae","Myleus",0,"absent","",985120,"","Myleus_setiger",NA,13
"117",117,"Nothobranchius palmqvisti","Cyprinodontiformes","Nothobranchiidae","Nothobranchius",0,"absent","",3641410,"","Nothobranchius_palmqvisti",NA,30.5
"118",118,"Nannostomus beckfordi","Characiformes","Lebiasinidae","Nannostomus",0,"absent","",486012,"","Nannostomus_beckfordi",NA,10
"119",119,"Oreochromis niloticus","Cichliformes","Cichlidae","Oreochromis",NA,"present","y",288063,"sibling_higher","Oreochromis_niloticus",NA,8
"120",120,"Oryzias latipes","Beloniformes","Adrianichthyidae","Oryzias",0,"absent","y",942673,"","Oryzias_latipes",NA,30
"121",121,"Osteoglossum bicirrhosum","Osteoglossiformes","Osteoglossidae","Osteoglossum",0,"absent","y",279997,"","Osteoglossum_bicirrhosum",NA,7.5
"122",122,"Pantodon buchholzi","Osteoglossiformes","Pantodontidae","Pantodon",0,"absent","",108350,"","Pantodon_buchholzi",NA,5
"123",123,"Piaractus mesopotamicus","Characiformes","Serrasalmidae","Piaractus",0,"absent","y",24652,"","Piaractus_mesopotamicus",NA,27.5
"124",124,"Prochilodus lineatus","Characiformes","Prochilodontidae","Prochilodus",0,"absent","",1027734,"","Prochilodus_lineatus",NA,26.5
"125",125,"Rhodeus ocellatus","Cypriniformes","Acheilognathidae","Rhodeus",0,"absent","",887027,"","Rhodeus_ocellatus",NA,35
"126",126,"Roeboides descalvadensis","Characiformes","Characidae","Roeboides",0,"absent","",1077236,"","Roeboides_descalvadensis",NA,24
"127",127,"Roeboides myersii","Characiformes","Characidae","Roeboides",0,"absent","",282557,"","Roeboides_myersii",NA,13
"128",128,"Roeboides prognathus","Characiformes","Characidae","Roeboides",0,"absent","",3624826,"","Roeboides_prognathus",NA,27
"129",129,"Scleropages jardinii","Osteoglossiformes","Osteoglossidae","Scleropages",0,"absent","",335719,"","Scleropages_jardinii",NA,26
"130",130,"Serrapinnus notomelas","Characiformes","Characidae","Serrapinnus",0,"absent","",199867,"","Serrapinnus_notomelas",NA,24
"131",131,"Serrasalmus rhombeus","Characiformes","Serrasalmidae","Serrasalmus",0,"absent","",382210,"","Serrasalmus_rhombeus",NA,7
"132",132,"Sternopygus macrurus","Gymnotiformes","Sternopygidae","Sternopygus",0,"absent","",729097,"","Sternopygus_macrurus",NA,14.5
"133",133,"Strongylura anastomella","Beloniformes","Belonidae","Strongylura",0,"absent","",703667,"","Strongylura_anastomella",NA,34
"134",134,"Teleocichla proselytus","Cichliformes","Cichlidae","Teleocichla",0,"absent","",493822,"","Teleocichla_proselytus",NA,17.5
"135",135,"Marosatherina ladigesi","Atheriniformes","Telmatherinidae","Marosatherina",0,"absent","",296889,"","Marosatherina_ladigesi",NA,26
"136",136,"Pseudaspius hakonensis","Cypriniformes","Cyprinidae","Pseudaspius",0,"absent","",372585,"","Pseudaspius_hakonensis",NA,41.5
"137",137,"Triportheus nematurus","Characiformes","Triportheidae","Triportheus",0,"absent","",48234,"","Triportheus_nematurus",NA,24
"138",138,"Xenentodon cancila","Beloniformes","Belonidae","Xenentodon",0,"absent","y",549052,"","Xenentodon_cancila",NA,19.5
"139",139,"Epinephelus malabaricus","Perciformes","Serranidae","Epinephelus",0,"absent","y",463848,"","Epinephelus_malabaricus",NA,14
"140",140,"Halichoeres trimaculatus","Labriformes","Labridae","Halichoeres",0,"absent","y",942026,"","Halichoeres_trimaculatus",NA,14.5
"141",141,"Microschemobrycon callops","Characiformes","Characidae","Microschemobrycon",0.5,"present","",3625570,"","Microschemobrycon_callops",NA,7
"142",142,"Acipenser gueldenstaedtii","Acipenseriformes","Acipenseridae","Acipenser",2,"present","y",378912,"","Acipenser_gueldenstaedtii",NA,47
"143",143,"Amphilophus citrinellus","Cichliformes","Cichlidae","Amphilophus",1,"present","y",358037,"sibling_higher","Amphilophus_citrinellus",NA,37.5
"144",144,"Anguilla rostrata","Anguilliformes","Anguillidae","Anguilla",1,"present","y",854212,"","Anguilla_rostrata",NA,38
"145",145,"Anthias anthias","Perciformes","Serranidae","Anthias",2.5,"present","y",1012253,"","Anthias_anthias",NA,35.5
"146",146,"Apteronotus albifrons","Gymnotiformes","Apteronotidae","Apteronotus",1,"present","",789557,"","Apteronotus_albifrons",NA,19.5
"147",147,"Badis badis","Anabantiformes","Badidae","Badis",1,"present","",989135,"","Badis_badis",NA,27.5
"148",148,"Lipolagus ochotensis","Argentiniformes","Bathylagidae","Lipolagus",1,"present","",562640,"","Lipolagus_ochotensis",NA,45
"149",149,"Biotodoma cupido","Cichliformes","Cichlidae","Biotodoma",1,"present","",667005,"","Biotodoma_cupido",NA,13.5
"150",150,"Chromobotia macracanthus","Cypriniformes","Botiidae","Chromobotia",1,"present","y",225526,"","Chromobotia_macracanthus",NA,20.5
"151",151,"Bovichtus variegatus","Perciformes","Bovichtidae","Bovichtus",1,"present","y",448844,"","Bovichtus_variegatus",NA,39.5
"152",152,"Paralichthys olivaceus","Pleuronectiformes","Paralichthyidae","Paralichthys",2,"present","y",883392,"","Paralichthys_olivaceus",NA,34
"153",153,"Carnegiella marthae","Characiformes","Gasteropelecidae","Carnegiella",1,"present","",94214,"","Carnegiella_marthae",NA,7
"154",154,"Ceratoscopelus warmingii","Myctophiformes","Myctophidae","Ceratoscopelus",1,"present","",866187,"","Ceratoscopelus_warmingii",NA,33
"155",155,"Chalceus guaporensis","Characiformes","Chalceidae","Chalceus",1,"present","",3624886,"","Chalceus_guaporensis",NA,15
"156",156,"Champsocephalus gunnari","Perciformes","Channichthyidae","Champsocephalus",1,"present","y",684007,"","Champsocephalus_gunnari",NA,63.5
"157",157,"Gymnogobius urotaenia","Gobiiformes","Gobiidae","Gymnogobius",1,"present","",279775,"","Gymnogobius_urotaenia",NA,41
"158",158,"Colossoma macropomum","Characiformes","Serrasalmidae","Colossoma",1,"present","y",24678,"","Colossoma_macropomum",NA,11
"159",159,"Coptodon rendalli","Cichliformes","Cichlidae","Coptodon",1,"present","y",288060,"","Coptodon_rendalli",NA,10
"160",160,"Coreoperca kawamebari","Centrarchiformes","Sinipercidae","Coreoperca",1,"present","",105922,"","Coreoperca_kawamebari",NA,45
"161",161,"Cyclothone atraria","Stomiiformes","Gonostomatidae","Cyclothone",1,"present","",127379,"","Cyclothone_atraria",NA,52
"162",162,"Cynotilapia afra","Cichliformes","Cichlidae","Cynotilapia",1,"present","",132192,"","Cynotilapia_afra",NA,21
"163",163,"Cyprinion macrostomum","Cypriniformes","Cyprinidae","Cyprinion",1,"present","",493927,"","Cyprinion_macrostomum",NA,NA
"164",164,"Diplophos taenia","Stomiiformes","Diplophidae","Diplophos",1,"present","",350314,"","Diplophos_taenia",NA,34.5
"165",165,"Eigenmannia virescens","Gymnotiformes","Sternopygidae","Eigenmannia",1,"present","",437387,"","Eigenmannia_virescens",NA,17.5
"166",166,"Eleginops maclovinus","Perciformes","Eleginopidae","Eleginops",3,"present","y",816883,"","Eleginops_maclovinus",NA,55
"167",167,"Engraulis japonicus","Clupeiformes","Engraulidae","Engraulis",1,"present","y",690902,"","Engraulis_japonicus",NA,34
"168",168,"Etroplus maculatus","Cichliformes","Cichlidae","Etroplus",1,"present","",493427,"","Etroplus_maculatus",NA,NA
"169",169,"Etrumeus teres","Clupeiformes","Dussumieriidae","Etrumeus",1,"present","",681340,"","Etrumeus_teres",NA,NA
"170",170,"Eutropiichthys vacha","Siluriformes","Schilbeidae","Eutropiichthys",2,"present","",350498,"","Eutropiichthys_vacha",NA,19
"171",171,"Gasteropelecus sternicla","Characiformes","Gasteropelecidae","Gasteropelecus",1,"present","",514221,"","Gasteropelecus_sternicla",NA,17.5
"172",172,"Gastromyzon borneensis","Cypriniformes","Gastromyzontidae","Gastromyzon",1,"present","",3627855,"","Gastromyzon_borneensis",NA,20.5
"173",173,"Geophagus iporangensis","Cichliformes","Cichlidae","Geophagus",1,"present","",3636359,"","Geophagus_iporangensis",NA,37.5
"174",174,"Geophagus steindachneri","Cichliformes","Cichlidae","Geophagus",2,"present","",87568,"","Geophagus_steindachneri",NA,15.5
"175",175,"Geophagus sveni","Cichliformes","Cichlidae","Geophagus",1,"present","",3636351,"","Geophagus_sveni",NA,37.5
"176",176,"Glyptothorax pectinopterus","Siluriformes","Sisoridae","Glyptothorax",1,"present","",3621869,"","Glyptothorax_pectinopterus",NA,28
"177",177,"Gnathopogon caerulescens","Cypriniformes","Cyprinidae","Gnathopogon",1,"present","",325187,"","Gnathopogon_caerulescens",NA,35.5
"178",178,"Gobionotothen gibberifrons","Perciformes","Nototheniidae","Gobionotothen",1,"present","y",448828,"","Gobionotothen_gibberifrons",NA,68
"179",179,"Goeldiella eques","Siluriformes","Heptapteridae","Goeldiella",1,"present","",502078,"","Goeldiella_eques",NA,13
"180",180,"Sigmops gracilis","Stomiiformes","Gonostomatidae","Sigmops",1,"present","",648959,"","Sigmops_gracilis",NA,44.5
"181",181,"Guianacara dacrya","Cichliformes","Cichlidae","Guianacara",1,"present","",3636364,"","Guianacara_dacrya",NA,37.5
"182",182,"Gymnocephalus cernua","Perciformes","Percidae","Gymnocephalus",1,"present","y",104323,"","Gymnocephalus_cernua",NA,52
"183",183,"Harpagifer georgianus","Perciformes","Harpagiferidae","Harpagifer",1,"present","",350788,"","Harpagifer_georgianus",NA,66
"184",184,"Hemibarbus barbus","Cypriniformes","Cyprinidae","Hemibarbus",1,"present","",655295,"","Hemibarbus_barbus",NA,NA
"185",185,"Hoplias malabaricus","Characiformes","Erythrinidae","Hoplias",1,"present","y",179348,"","Hoplias_malabaricus",NA,26
"186",186,"Hypostomus plecostomus","Siluriformes","Loricariidae","Hypostomus",1,"present","",96090,"","Hypostomus_plecostomus",NA,17.5
"187",187,"Ictalurus punctatus","Siluriformes","Ictaluridae","Ictalurus",1,"present","y",701523,"","Ictalurus_punctatus",NA,40.5
"188",188,"Idiacanthus antrostomus","Stomiiformes","Stomiidae","Idiacanthus",1,"present","",890166,"","Idiacanthus_antrostomus",NA,45
"189",189,"Konosirus punctatus","Clupeiformes","Clupeidae","Konosirus",1,"present","",39743,"","Konosirus_punctatus",NA,34
"190",190,"Kryptopterus bicirrhis","Siluriformes","Siluridae","Kryptopterus",1,"present","",896070,"","Kryptopterus_bicirrhis",NA,16.5
"191",191,"Lepidonotothen larseni","Perciformes","Nototheniidae","Lepidonotothen",1,"present","y",969899,"","Lepidonotothen_larseni",NA,NA
"192",192,"Lestrolepis intermedia","Aulopiformes","Paralepididae","Lestrolepis",1,"present","",1057256,"","Lestrolepis_intermedia",NA,23
"193",193,"Leuciscus idus","Cypriniformes","Cyprinidae","Leuciscus",1,"present","y",41137,"","Leuciscus_idus",NA,51.5
"194",194,"Leucopsarion petersii","Gobiiformes","Gobiidae","Leucopsarion",1,"present","",331701,"","Leucopsarion_petersii",NA,40
"195",195,"Liza parsia","Mugiliformes","Mugilidae","Liza",1,"present","",728954,"","Liza_parsia",NA,NA
"196",196,"Lophiosilurus alexandri","Siluriformes","Pseudopimelodidae","Lophiosilurus",2,"present","",498407,"","Lophiosilurus_alexandri",NA,20
"197",197,"Luciogobius guttatus","Gobiiformes","Gobiidae","Luciogobius",1,"present","",868320,"","Luciogobius_guttatus",NA,34
"198",198,"Mazarunia mazarunii","Cichliformes","Cichlidae","Mazarunia",1,"present","",8413,"","Mazarunia_mazarunii",NA,37.5
"199",199,"Microglanis cottoides","Siluriformes","Pseudopimelodidae","Microglanis",2,"present","",3624176,"","Microglanis_cottoides",NA,31
"200",200,"Micropterus salmoides","Centrarchiformes","Centrarchidae","Micropterus",2,"present","y",230493,"","Micropterus_salmoides",NA,35
"201",201,"Mugil cephalus","Mugiliformes","Mugilidae","Mugil",3,"present","y",418648,"","Mugil_cephalus",NA,22
"202",202,"Mylesinus paucisquamatus","Characiformes","Serrasalmidae","Mylesinus",1,"present","",506578,"","Mylesinus_paucisquamatus",NA,17
"203",203,"Myleus torquatus","Characiformes","Serrasalmidae","Myleus",1,"present","",3625318,"","Myleus_torquatus",NA,NA
"204",204,"Neogobius melanostomus","Gobiiformes","Gobiidae","Neogobius",1,"present","y",475633,"","Neogobius_melanostomus",NA,48
"205",205,"Notothenia angustata","Perciformes","Nototheniidae","Notothenia",1,"present","",781788,"","Notothenia_angustata",NA,51.5
"206",206,"Odontobutis obscura","Gobiiformes","Odontobutidae","Odontobutis",1,"present","",599816,"","Odontobutis_obscura",NA,NA
"207",207,"Ophthalmolycus amberensis","Perciformes","Zoarcidae","Ophthalmolycus",1,"present","y",31294,"","Ophthalmolycus_amberensis",NA,68
"208",208,"Opsariichthys uncirostris","Cypriniformes","Cyprinidae","Opsariichthys",1,"present","",26746,"","Opsariichthys_uncirostris",NA,44.5
"209",209,"Parachaenichthys charcoti","Perciformes","Bathydraconidae","Parachaenichthys",1,"present","",185362,"","Parachaenichthys_charcoti",NA,68
"210",210,"Paracheirodon innesi","Characiformes","Characidae","Paracheirodon",1,"present","",783059,"","Paracheirodon_innesi",NA,26.5
"211",211,"Paranotothenia magellanica","Perciformes","Nototheniidae","Paranotothenia",1,"present","",229704,"","Paranotothenia_magellanica",NA,55
"212",212,"Patagonotothen ramsayi","Perciformes","Nototheniidae","Patagonotothen",1,"present","",525441,"","Patagonotothen_ramsayi",NA,63
"213",213,"Perca fluviatilis","Perciformes","Percidae","Perca",2,"present","y",186488,"","Perca_fluviatilis",NA,49
"214",214,"Phenacogrammus interruptus","Characiformes","Alestidae","Phenacogrammus",1,"present","y",259776,"","Phenacogrammus_interruptus",NA,3
"215",215,"Plecoglossus altivelis","Osmeriformes","Plecoglossidae","Plecoglossus",2,"present","y",486933,"","Plecoglossus_altivelis",NA,35
"216",216,"Pseudaphritis urvillii","Perciformes","Pseudaphritidae","Pseudaphritis",1,"present","y",292713,"","Pseudaphritis_urvillii",NA,26
"217",217,"Pseudogobio esocinus","Cypriniformes","Cyprinidae","Pseudogobio",1,"present","",424407,"","Pseudogobio_esocinus",NA,35.5
"218",218,"Pseudopimelodus mangurus","Siluriformes","Pseudopimelodidae","Pseudopimelodus",3,"present","",61478,"","Pseudopimelodus_mangurus",NA,27.5
"219",219,"Pseudorasbora parva","Cypriniformes","Cyprinidae","Pseudorasbora",1,"present","y",205442,"","Pseudorasbora_parva",NA,42
"220",220,"Pungtungia herzi","Cypriniformes","Cyprinidae","Pungtungia",1,"present","",523420,"","Pungtungia_herzi",NA,35.5
"221",221,"Pygocentrus piraya","Characiformes","Serrasalmidae","Pygocentrus",1,"present","",900299,"","Pygocentrus_piraya",NA,20
"222",222,"Pygocentrus nattereri","Characiformes","Serrasalmidae","Pygocentrus",2,"present","y",649803,"","Pygocentrus_nattereri",NA,19.5
"223",223,"Racovitzia glacialis","Perciformes","Bathydraconidae","Racovitzia",1,"present","",217712,"","Racovitzia_glacialis",NA,66
"224",224,"Rhinogobius brunneus","Gobiiformes","Gobiidae","Rhinogobius",1,"present","",238894,"","Rhinogobius_brunneus",NA,41
"225",225,"Salangichthys microdon","Osmeriformes","Salangidae","Salangichthys",1,"present","",348842,"","Salangichthys_microdon",NA,60
"226",226,"Salmo salar","Salmoniformes","Salmonidae","Salmo",3,"present","y",688328,"","Salmo_salar",NA,52.5
"227",227,"Sarcocheilichthys variegatus","Cypriniformes","Cyprinidae","Sarcocheilichthys",1,"present","",333930,"","Sarcocheilichthys_variegatus",NA,34.5
"228",228,"Sardinella zunasi","Clupeiformes","Clupeidae","Sardinella",1,"present","",39728,"","Sardinella_zunasi",NA,31
"229",229,"Sardinops melanostictus","Clupeiformes","Clupeidae","Sardinops",1,"present","",318896,"","Sardinops_melanostictus",NA,NA
"230",230,"Satanoperca acuticeps","Cichliformes","Cichlidae","Satanoperca",1,"present","",784676,"","Satanoperca_acuticeps",NA,17.5
"231",231,"Ischikauia steenackeri","Cypriniformes","Cyprinidae","Ischikauia",1,"present","",84197,"","Ischikauia_steenackeri",NA,35.5
"232",232,"Steindachnerina brevipinna","Characiformes","Curimatidae","Steindachnerina",1,"present","",3624501,"","Steindachnerina_brevipinna",NA,27
"233",233,"Synodontis nigriventris","Siluriformes","Mochokidae","Synodontis",1,"present","",315243,"","Synodontis_nigriventris",NA,4
"234",234,"Takifugu alboplumbeus","Tetraodontiformes","Tetraodontidae","Takifugu",1,"present","",465414,"","Takifugu_alboplumbeus",NA,35.5
"235",235,"Tridentiger obscurus","Gobiiformes","Gobiidae","Tridentiger",1,"present","",98404,"","Tridentiger_obscurus",NA,44.5
"236",236,"Vinciguerria nimbaria","Stomiiformes","Phosichthyidae","Vinciguerria",1,"present","",652358,"","Vinciguerria_nimbaria",NA,32
"237",237,"Vomeridens infuscipinnis","Perciformes","Bathydraconidae","Vomeridens",1,"present","y",280419,"","Vomeridens_infuscipinnis",NA,66
"238",238,"Zacco platypus","Cypriniformes","Cyprinidae","Zacco",1,"present","y",652452,"","Zacco_platypus",NA,30
"239",239,"Nipponocypris temminckii","Cypriniformes","Cyprinidae","Nipponocypris",1,"present","",361232,"","Nipponocypris_temminckii",NA,35
"240",240,"Acanthogobius flavimanus","Gobiiformes","Gobiidae","Acanthogobius",1.5,"present","",705150,"","Acanthogobius_flavimanus",NA,33.5
"241",241,"Acestrorhynchus altus","Characiformes","Acestrorhynchidae","Acestrorhynchus",1.5,"present","y",845247,"","Acestrorhynchus_altus",NA,17.5
"242",242,"Acipenser ruthenus","Acipenseriformes","Acipenseridae","Acipenser",2.25,"present","y",378930,"","Acipenser_ruthenus",NA,54
"243",243,"Bunocephalus coracoideus","Siluriformes","Aspredinidae","Bunocephalus",1.5,"present","",693715,"","Bunocephalus_coracoideus",NA,17.5
"244",244,"Catoprion mento","Characiformes","Serrasalmidae","Catoprion",1.5,"present","",597343,"","Catoprion_mento",NA,15
"245",245,"Chilodus punctatus","Characiformes","Chilodontidae","Chilodus",1.5,"present","",442783,"","Chilodus_punctatus",NA,13
"246",246,"Synaptura selheimi","Pleuronectiformes","Soleidae","Brachirus",1.5,"present","",3640687,"","Synaptura_selheimi",NA,NA
"247",247,"Glossogobius olivaceus","Gobiiformes","Gobiidae","Glossogobius",1.5,"present","",80171,"","Glossogobius_olivaceus",NA,25.5
"248",248,"Gyrinocheilus aymonieri","Cypriniformes","Gyrinocheilidae","Gyrinocheilus",1.5,"present","",341392,"","Gyrinocheilus_aymonieri",NA,13
"249",249,"Hippocampus coronatus","Syngnathiformes","Syngnathidae","Hippocampus",1.5,"present","",503882,"","Hippocampus_coronatus",NA,43
"250",250,"Macrognathus aculeatus","Synbranchiformes","Mastacembelidae","Macrognathus",2.25,"present","",758692,"","Macrognathus_aculeatus",NA,30.5
"251",251,"Malapterurus electricus","Siluriformes","Malapteruridae","Malapterurus",1.5,"present","",566351,"","Malapterurus_electricus",NA,7
"252",252,"Mastacembelus erythrotaenia","Synbranchiformes","Mastacembelidae","Mastacembelus",1.5,"present","",633395,"","Mastacembelus_erythrotaenia",NA,12.5
"253",253,"Plotosus lineatus","Siluriformes","Plotosidae","Plotosus",1.5,"present","y",949069,"","Plotosus_lineatus",NA,13
"254",254,"Tridentiger trigonocephalus","Gobiiformes","Gobiidae","Tridentiger",1.5,"present","",98400,"","Tridentiger_trigonocephalus",NA,33.5
"255",255,"Abudefduf abdominalis","Acanthomorphata","Pomacentridae","Abudefduf",3,"present","",809329,"incertae_sedis_inherited","Abudefduf_abdominalis",NA,29.5
"256",256,"Acanthopagrus schlegelii","Spariformes","Sparidae","Acanthopagrus",3,"present","y",380194,"","Acanthopagrus_schlegelii",NA,25
"257",257,"Acaronia nassa","Cichliformes","Cichlidae","Acaronia",3,"present","",170137,"","Acaronia_nassa",NA,10
"258",258,"Acestrorhynchus falcatus","Characiformes","Acestrorhynchidae","Acestrorhynchus",3,"present","",845253,"","Acestrorhynchus_falcatus",NA,7
"259",259,"Acipenser fulvescens","Acipenseriformes","Acipenseridae","Acipenser",3,"present","",698270,"","Acipenser_fulvescens",NA,46
"260",260,"Acnodon normani","Characiformes","Serrasalmidae","Acnodon",3,"present","",179103,"","Acnodon_normani",NA,15.5
"261",261,"Aeoliscus strigatus","Syngnathiformes","Centriscidae","Aeoliscus",3,"present","y",652346,"incertae_sedis_inherited","Aeoliscus_strigatus",NA,12
"262",262,"Agamyxis pectinifrons","Siluriformes","Doradidae","Agamyxis",3,"present","",50909,"","Agamyxis_pectinifrons",NA,17.5
"263",263,"Akarotaxis nudiceps","Perciformes","Bathydraconidae","Akarotaxis",3.25,"present","y",682053,"","Akarotaxis_nudiceps",NA,68
"264",264,"Allenbatrachus grunniens","Batrachoidiformes","Batrachoididae","Allenbatrachus",3,"present","",706464,"","Allenbatrachus_grunniens",NA,23
"265",265,"Amphiprion clarkii","Acanthomorphata","Pomacentridae","Amphiprion",3,"present","y",674637,"incertae_sedis_inherited","Amphiprion_clarkii",NA,13
"266",266,"Anguilla japonica","Anguilliformes","Anguillidae","Anguilla",3,"present","y",854198,"","Anguilla_japonica",NA,24.5
"267",267,"Anoplopoma fimbria","Perciformes","Anoplopomatidae","Anoplopoma",1,"present","y",441856,"","Anoplopoma_fimbria",NA,49
"268",268,"Arctoscopus japonicus","Perciformes","Trichodontidae","Arctoscopus",3,"present","",883978,"","Arctoscopus_japonicus",NA,52
"269",269,"Asterropteryx semipunctata","Gobiiformes","Gobiidae","Asterropteryx",3,"present","",37552,"","Asterropteryx_semipunctata",NA,17.5
"270",270,"Barbus petenyi","Cypriniformes","Cyprinidae","Barbus",3,"present","",763568,"","Barbus_petenyi",NA,46.5
"271",271,"Bathygobius fuscus","Gobiiformes","Gobiidae","Bathygobius",3,"present","",877729,"","Bathygobius_fuscus",NA,23
"272",272,"Batrochoglanis raninus","Siluriformes","Pseudopimelodidae","Batrochoglanis",3,"present","",9881,"","Batrochoglanis_raninus",NA,17.5
"273",273,"Brycon orbignyanus","Characiformes","Bryconidae","Brycon",3,"present","",206748,"","Brycon_orbignyanus",NA,27
"274",274,"Bujurquina vittata","Cichliformes","Cichlidae","Bujurquina",3,"present","y",498815,"","Bujurquina_vittata",NA,24
"275",275,"Centropyge bispinosa","Perciformes","Pomacanthidae","Centropyge",3,"present","",439843,"","Centropyge_bispinosa",NA,13
"276",276,"Cephalosilurus fowleri","Siluriformes","Pseudopimelodidae","Cephalosilurus",3.25,"present","",3624192,"","Cephalosilurus_fowleri",NA,20
"277",277,"Chaca chaca","Siluriformes","Chacidae","Chaca",3,"present","",45408,"","Chaca_chaca",NA,24.5
"278",278,"Chaetobranchus flavescens","Cichliformes","Cichlidae","Chaetobranchus",3,"present","",744497,"","Chaetobranchus_flavescens",NA,13
"279",279,"Chaetodon vagabundus","Chaetodontiformes","Chaetodontidae","Chaetodon",3,"present","",655872,"","Chaetodon_vagabundus",NA,13
"280",280,"Channa sp.","Anabantiformes","Channidae","Channa",3,"present","",983868,"not_otu","Channa_sp.",NA,NA
"281",281,"Chrysiptera cyanea","Acanthomorphata","Pomacentridae","Chrysiptera",3,"present","y",43505,"incertae_sedis_inherited","Chrysiptera_cyanea",NA,13
"282",282,"Cichla kelberi","Cichliformes","Cichlidae","Cichla",3,"present","",187228,"","Cichla_kelberi",NA,18.5
"283",283,"Cichlasoma dimerus","Cichliformes","Cichlidae","Cichlasoma",3,"present","",607611,"sibling_higher","Cichlasoma_dimerus",NA,26
"284",284,"Thorichthys meeki","Cichliformes","Cichlidae","Thorichthys",3,"present","",207017,"","Thorichthys_meeki",NA,NA
"285",285,"Cichlasoma paranaense","Cichliformes","Cichlidae","Cichlasoma",3,"present","",167686,"sibling_higher","Cichlasoma_paranaense",NA,27.5
"286",286,"Cirrhinus mrigala","Cypriniformes","Cyprinidae","Cirrhinus",3,"present","y",10821,"","Cirrhinus_mrigala",NA,28.5
"287",287,"Coregonus lavaretus","Salmoniformes","Salmonidae","Coregonus",2,"present","y",872355,"","Coregonus_lavaretus",NA,46
"288",288,"Cottus pollux","Perciformes","Cottidae","Cottus",3,"present","",1000752,"","Cottus_pollux",NA,35.5
"289",289,"Cruciglanis pacifici","Siluriformes","Pseudopimelodidae","Cruciglanis",3,"present","",3624195,"","Cruciglanis_pacifici",NA,37.5
"290",290,"Ctenopoma acutirostre","Anabantiformes","Anabantidae","Ctenopoma",3,"present","",774818,"","Ctenopoma_acutirostre",NA,4
"291",291,"Dascyllus aruanus","Acanthomorphata","Pomacentridae","Dascyllus",3,"present","",49239,"incertae_sedis_inherited","Dascyllus_aruanus",NA,12
"292",292,"Decapterus maruadsi","Carangiformes","Carangidae","Decapterus",3,"present","y",766162,"","Decapterus_maruadsi",NA,22.5
"293",293,"Dictyosoma burgeri","Perciformes","Stichaeidae","Dictyosoma",3,"present","",783192,"","Dictyosoma_burgeri",NA,37
"294",294,"Dissostichus eleginoides","Perciformes","Nototheniidae","Dissostichus",3,"present","y",1040385,"","Dissostichus_eleginoides",NA,60
"295",295,"Ditrema temminckii","Acanthomorphata","Embiotocidae","Ditrema",3,"present","",43516,"incertae_sedis_inherited","Ditrema_temminckii",NA,43
"296",296,"Doederleinia berycoides","Pempheriformes","Acropomatidae","Doederleinia",3,"present","",1005375,"","Doederleinia_berycoides",NA,23.5
"297",297,"Pholis nebulosa","Perciformes","Pholidae","Pholis",3,"present","",1084060,"","Pholis_nebulosa",NA,37
"298",298,"Entomacrodus stellifer","Blenniiformes","Blenniidae","Entomacrodus",3,"present","",3639477,"","Entomacrodus_stellifer",NA,44.5
"299",299,"Eopsetta grigorjewi","Pleuronectiformes","Pleuronectidae","Eopsetta",3.25,"present","",331920,"","Eopsetta_grigorjewi",NA,32.5
"300",300,"Hyporthodus septemfasciatus","Perciformes","Serranidae","Hyporthodus",3,"present","",481019,"","Hyporthodus_septemfasciatus",NA,32.5
"301",301,"Epinephelus coioides","Perciformes","Serranidae","Epinephelus",3.25,"present","y",457795,"","Epinephelus_coioides",NA,18.5
"302",302,"Favonigobius gymnauchen","Gobiiformes","Gobiidae","Favonigobius",3,"present","",100808,"","Favonigobius_gymnauchen",NA,25.5
"303",303,"Pseudanthias squamipinnis","Perciformes","Serranidae","Pseudanthias",3,"present","",26905,"","Pseudanthias_squamipinnis",NA,13.5
"304",304,"Gadus macrocephalus","Gadiformes","Gadidae","Gadus",3,"present","y",56885,"","Gadus_macrocephalus",NA,53.5
"305",305,"Gasterosteus aculeatus","Perciformes","Gasterosteidae","Gasterosteus",3,"present","y",401066,"","Gasterosteus_aculeatus",NA,50
"306",306,"Gasterosteus aculeatus aculeatus","Perciformes","Gasterosteidae","Gasterosteus",3,"present","y",111122,"infraspecific","Gasterosteus_aculeatus aculeatus",NA,NA
"307",307,"Girella punctata","Centrarchiformes","Kyphosidae","Girella",3,"present","",188324,"","Girella_punctata",NA,28
"308",308,"Glossanodon semifasciatus","Argentiniformes","Argentinidae","Glossanodon",3,"present","",562634,"","Glossanodon_semifasciatus",NA,34
"309",309,"Gnathonemus petersii","Osteoglossiformes","Mormyridae","Gnathonemus",3,"present","",115478,"","Gnathonemus_petersii",NA,5.5
"310",310,"Gymnocorymbus ternetzi","Characiformes","Characidae","Gymnocorymbus",3,"present","",783051,"","Gymnocorymbus_ternetzi",NA,24
"311",311,"Gymnodraco acuticeps","Perciformes","Bathydraconidae","Gymnodraco",3.5,"present","y",781785,"","Gymnodraco_acuticeps",NA,68
"312",312,"Gymnotus pantherinus","Gymnotiformes","Gymnotidae","Gymnotus",3,"present","",445404,"","Gymnotus_pantherinus",NA,37.5
"313",313,"Parajulis poecilepterus","Labriformes","Labridae","Parajulis",3,"present","",127504,"","Parajulis_poecilepterus",NA,22.5
"314",314,"Halichoeres tenuispinis","Labriformes","Labridae","Halichoeres",3,"present","",1095891,"","Halichoeres_tenuispinis",NA,34
"315",315,"Batrachomoeus trispinosus","Batrachoidiformes","Batrachoididae","Batrachomoeus",3,"present","",713029,"","Batrachomoeus_trispinosus",NA,16
"316",316,"Hemiodus semitaeniatus","Characiformes","Hemiodontidae","Hemiodus",3,"present","",3624386,"","Hemiodus_semitaeniatus",NA,13.5
"317",317,"Hemiodus sterni","Characiformes","Hemiodontidae","Hemiodus",3,"present","",3624388,"","Hemiodus_sterni",NA,17.5
"318",318,"Hexagrammos agrammus","Perciformes","Hexagrammidae","Hexagrammos",3,"present","",185865,"","Hexagrammos_agrammus",NA,37
"319",319,"Hippocampus guttulatus","Syngnathiformes","Syngnathidae","Hippocampus",3,"present","y",630164,"","Hippocampus_guttulatus",NA,41.5
"320",320,"Hypodytes rubripinnis","Perciformes","Tetrarogidae","Hypodytes",3,"present","y",463550,"","Hypodytes_rubripinnis",NA,NA
"321",321,"Hypomesus nipponensis","Osmeriformes","Osmeridae","Hypomesus",3,"present","y",37114,"","Hypomesus_nipponensis",NA,41.5
"322",322,"Lagocephalus wheeleri","Tetraodontiformes","Tetraodontidae","Lagocephalus",3,"present","",986276,"","Lagocephalus_wheeleri",NA,28
"323",323,"Lateolabrax japonicus","Pempheriformes","Lateolabracidae","Lateolabrax",3,"present","",186480,"","Lateolabrax_japonicus",NA,33
"324",324,"Pseudomystus siamensis","Siluriformes","Bagridae","Pseudomystus",3,"present","",566357,"","Pseudomystus_siamensis",NA,13
"325",325,"Nuchequula nuchalis","Chaetodontiformes","Leiognathidae","Nuchequula",3,"present","",89840,"","Nuchequula_nuchalis",NA,23
"326",326,"Lepidotrigla microptera","Perciformes","Triglidae","Lepidotrigla",3,"present","",438423,"","Lepidotrigla_microptera",NA,34
"327",327,"Leporinus fasciatus","Characiformes","Anostomidae","Leporinus",3,"present","",546980,"","Leporinus_fasciatus",NA,17.5
"328",328,"Rutilus rutilus","Cypriniformes","Cyprinidae","Rutilus",3,"present","y",421037,"","Rutilus_rutilus",NA,50.5
"329",329,"Pseudopleuronectes yokohamae","Pleuronectiformes","Pleuronectidae","Pseudopleuronectes",3,"present","y",608831,"","Pseudopleuronectes_yokohamae",NA,38
"330",330,"Planiliza haematocheilus","Mugiliformes","Mugilidae","Planiliza",3,"present","y",963124,"","Planiliza_haematocheilus",NA,41
"331",331,"Inimicus japonicus","Perciformes","Synanceiidae","Inimicus",3,"present","",301023,"","Inimicus_japonicus",NA,27.5
"332",332,"Lophius litulon","Lophiiformes","Lophiidae","Lophius",3,"present","",607757,"","Lophius_litulon",NA,34
"333",333,"Microcanthus strigatus","Centrarchiformes","Kyphosidae","Microcanthus",3,"present","",188292,"","Microcanthus_strigatus",NA,24
"334",334,"Monodactylus argenteus","Perciformes","Monodactylidae","Monodactylus",3,"present","",763919,"","Monodactylus_argenteus",NA,14
"335",335,"Mormyrus kannume","Osteoglossiformes","Mormyridae","Mormyrus",3,"present","",3643916,"","Mormyrus_kannume",NA,4.5
"336",336,"Muraenolepis microps","Gadiformes","Muraenolepididae","Muraenolepis",3,"present","",185099,"","Muraenolepis_microps",NA,66
"337",337,"Nandus nandus","Anabantiformes","Nandidae","Nandus",3,"present","",196682,"","Nandus_nandus",NA,23
"338",338,"Chitala chitala","Osteoglossiformes","Notopteridae","Chitala",3,"present","y",863123,"","Chitala_chitala",NA,21
"339",339,"Notopterus notopterus","Osteoglossiformes","Notopteridae","Notopterus",3,"present","",904617,"","Notopterus_notopterus",NA,19
"340",340,"Oncorhynchus masou","Salmoniformes","Salmonidae","Oncorhynchus",3,"present","",982404,"","Oncorhynchus_masou",NA,43.5
"341",341,"Oncorhynchus mykiss (species in domain Eukaryota)","Salmoniformes","Salmonidae","Oncorhynchus",3,"present","y",165368,"","Oncorhynchus_mykiss (species in domain Eukaryota)",NA,NA
"342",342,"Oncorhynchus masou masou","Salmoniformes","Salmonidae","Oncorhynchus",2,"present","y",207835,"infraspecific","Oncorhynchus_masou masou",NA,NA
"343",343,"Ophisurus macrorhynchos","Anguilliformes","Ophichthidae","Ophisurus",3,"present","",65747,"","Ophisurus_macrorhynchos",NA,50
"344",344,"Oplegnathus fasciatus","Centrarchiformes","Oplegnathidae","Oplegnathus",3,"present","y",711801,"","Oplegnathus_fasciatus",NA,30.5
"345",345,"Osphronemus goramy","Anabantiformes","Osphronemidae","Osphronemus",3,"present","",612525,"","Osphronemus_goramy",NA,17
"346",346,"Oxycirrhites typus","Centrarchiformes","Cirrhitidae","Oxycirrhites",3,"present","",702709,"","Oxycirrhites_typus",NA,17.5
"347",347,"Pagothenia borchgrevinki","Perciformes","Nototheniidae","Pagothenia",3,"present","y",781792,"","Pagothenia_borchgrevinki",NA,68
"348",348,"Pagrus major","Spariformes","Sparidae","Pagrus",3,"present","y",765344,"","Pagrus_major",NA,38
"349",349,"Pangasius polyuranodon","Siluriformes","Pangasiidae","Pangasius",3,"present","",199220,"","Pangasius_polyuranodon",NA,20.5
"350",350,"Papyrocranus afer","Osteoglossiformes","Notopteridae","Papyrocranus",3,"present","",239121,"","Papyrocranus_afer",NA,8
"351",351,"Parachromis managuensis","Cichliformes","Cichlidae","Parachromis",3,"present","y",797202,"","Parachromis_managuensis",NA,17
"352",352,"Parapercis sexfasciata","Uranoscopiformes","Pinguipedidae","Parapercis",3,"present","",132534,"","Parapercis_sexfasciata",NA,30.5
"353",353,"Paraplagusia japonica","Pleuronectiformes","Cynoglossidae","Paraplagusia",3,"present","",126710,"","Paraplagusia_japonica",NA,32.5
"354",354,"Parapristipoma trilineatum","Lutjaniformes","Haemulidae","Parapristipoma",3,"present","",64274,"","Parapristipoma_trilineatum",NA,28
"355",355,"Parupeneus barberinoides","Syngnathiformes","Mullidae","Parupeneus",3,"present","",758968,"","Parupeneus_barberinoides",NA,11
"356",356,"Parablennius yatabei","Blenniiformes","Blenniidae","Parablennius",3,"present","",155048,"","Parablennius_yatabei",NA,32.5
"357",357,"Ophichthus zophistius","Anguilliformes","Ophichthidae","Ophichthus",3,"present","",483995,"","Ophichthus_zophistius",NA,NA
"358",358,"Platycephalus indicus","Perciformes","Platycephalidae","Platycephalus",3,"present","",599906,"","Platycephalus_indicus",NA,18
"359",359,"Pleuragramma antarctica","Perciformes","Nototheniidae","Pleuragramma",3,"present","",303042,"","Pleuragramma_antarctica",NA,NA
"360",360,"Pleuronichthys cornutus","Pleuronectiformes","Pleuronectidae","Pleuronichthys",3,"present","",891078,"","Pleuronichthys_cornutus",NA,34
"361",361,"Pogonophryne scotti","Perciformes","Artedidraconidae","Pogonophryne",3,"present","",659897,"","Pogonophryne_scotti",NA,66
"362",362,"Polypterus bichir","Polypteriformes","Polypteridae","Polypterus",3,"present","",735234,"","Polypterus_bichir",NA,11
"363",363,"Porichthys notatus","Batrachoidiformes","Batrachoididae","Porichthys",3.5,"present","",720409,"","Porichthys_notatus",NA,47.5
"364",364,"Pterophyllum scalare","Cichliformes","Cichlidae","Pterophyllum",3,"present","y",220929,"","Pterophyllum_scalare",NA,17.5
"365",365,"Psenopsis anomala","Scombriformes","Centrolophidae","Psenopsis",3,"present","",137653,"","Psenopsis_anomala",NA,25
"366",366,"Pseudoblennius percoides","Perciformes","Cottidae","Pseudoblennius",3,"present","",3632196,"","Pseudoblennius_percoides",NA,55.5
"367",367,"Pseudolabrus japonicus","Labriformes","Labridae","Pseudolabrus",3,"present","",823202,"","Pseudolabrus_japonicus",NA,34
"368",368,"Pseudopimelodus bufonius","Siluriformes","Pseudopimelodidae","Pseudopimelodus",3,"present","",61474,"","Pseudopimelodus_bufonius",NA,37.5
"369",369,"Pterogobius elapoides","Gobiiformes","Gobiidae","Pterogobius",3,"present","",173379,"","Pterogobius_elapoides",NA,44.5
"370",370,"Pterogobius virgo","Gobiiformes","Gobiidae","Pterogobius",3,"present","",173385,"","Pterogobius_virgo",NA,44.5
"371",371,"Pteragogus flagellifer","Labriformes","Labridae","Pteragogus",3,"present","",351871,"","Pteragogus_flagellifer",NA,22
"372",372,"Pyrrhulina australis","Characiformes","Lebiasinidae","Pyrrhulina",3,"present","",435753,"","Pyrrhulina_australis",NA,19.5
"373",373,"Repomucenus richardsonii","Syngnathiformes","Callionymidae","Repomucenus",3,"present","",473931,"","Repomucenus_richardsonii",NA,NA
"374",374,"Rita rita","Siluriformes","Bagridae","Rita",3,"present","",23762,"","Rita_rita",NA,33.5
"375",375,"Oncorhynchus mykiss gairdneri","Salmoniformes","Salmonidae","Oncorhynchus",3,"present","y",57412,"infraspecific","Oncorhynchus_mykiss gairdneri",NA,NA
"376",376,"Salvelinus leucomaenis","Salmoniformes","Salmonidae","Salvelinus",3,"present","",688317,"","Salvelinus_leucomaenis",NA,46.5
"377",377,"Salvelinus fontinalis","Salmoniformes","Salmonidae","Salvelinus",3,"present","y",688339,"","Salvelinus_fontinalis",NA,43.5
"378",378,"Sargocentron sp.","Holocentriformes","Holocentridae","Sargocentron",3,"present","",983871,"not_otu, incertae_sedis","Sargocentron_sp.",NA,NA
"379",379,"Saurida undosquamis","Aulopiformes","Synodontidae","Saurida",3,"present","",802170,"","Saurida_undosquamis",NA,16.5
"380",380,"Scatophagus argus","Acanthuriformes","Scatophagidae","Scatophagus",3,"present","y",773212,"","Scatophagus_argus",NA,15
"381",381,"Scomber japonicus","Scombriformes","Scombridae","Scomber",3,"present","y",70556,"","Scomber_japonicus",NA,30
"382",382,"Sebastes inermis","Perciformes","Sebastidae","Sebastes",3,"present","y",767460,"sibling_higher","Sebastes_inermis",NA,37
"383",383,"Sebastes schlegelii","Perciformes","Sebastidae","Sebastes",3.25,"present","y",206127,"sibling_higher","Sebastes_schlegelii",NA,38
"384",384,"Sebastes hubbsi","Perciformes","Sebastidae","Sebastes",3,"present","y",778320,"sibling_higher","Sebastes_hubbsi",NA,32.5
"385",385,"Sebastiscus marmoratus","Perciformes","Sebastidae","Sebastiscus",3,"present","",986386,"","Sebastiscus_marmoratus",NA,25
"386",386,"Seriola quinqueradiata","Carangiformes","Carangidae","Seriola",3,"present","y",186469,"","Seriola_quinqueradiata",NA,27.5
"387",387,"Siganus fuscescens","Acanthuriformes","Siganidae","Siganus",3,"present","y",927037,"","Siganus_fuscescens",NA,13
"388",388,"Sillago japonica","Perciformes","Sillaginidae","Sillago",3,"present","",56114,"","Sillago_japonica",NA,32.5
"389",389,"Solea senegalensis","Pleuronectiformes","Soleidae","Solea",3,"present","y",366998,"","Solea_senegalensis",NA,35.5
"390",390,"Sphaeramia nematoptera","Kurtiformes","Apogonidae","Sphaeramia",3,"present","",799234,"","Sphaeramia_nematoptera",NA,11
"391",391,"Sphyraena pinguis","Acanthomorphata","Sphyraenidae","Sphyraena",3,"present","",691678,"incertae_sedis_inherited","Sphyraena_pinguis",NA,31
"392",392,"Steindachneridion parahybae","Siluriformes","Pimelodidae","Steindachneridion",3,"present","",297574,"","Steindachneridion_parahybae",NA,37.5
"393",393,"Stephanolepis cirrhifer","Tetraodontiformes","Monacanthidae","Stephanolepis",3,"present","",191033,"","Stephanolepis_cirrhifer",NA,32.5
"394",394,"Symphysodon aequifasciata","Cichliformes","Cichlidae","Symphysodon",3,"present","",220923,"","Symphysodon_aequifasciata",NA,NA
"395",395,"Syngnathus schlegeli","Syngnathiformes","Syngnathidae","Syngnathus",3,"present","",259361,"","Syngnathus_schlegeli",NA,23.5
"396",396,"Takifugu pardalis","Tetraodontiformes","Tetraodontidae","Takifugu",3,"present","",407058,"","Takifugu_pardalis",NA,37
"397",397,"Takifugu xanthopterus","Tetraodontiformes","Tetraodontidae","Takifugu",3,"present","",139541,"","Takifugu_xanthopterus",NA,32.5
"398",398,"Tetraodon fluviatilis","Tetraodontiformes","Tetraodontidae","Tetraodon",3,"present","",120277,"","Tetraodon_fluviatilis",NA,NA
"399",399,"Thamnaconus modestus","Tetraodontiformes","Monacanthidae","Thamnaconus",3,"present","",793159,"","Thamnaconus_modestus",NA,31
"400",400,"Toxotes jaculatrix","Acanthomorphata","Toxotidae","Toxotes",3,"present","y",712588,"incertae_sedis_inherited","Toxotes_jaculatrix",NA,13
"401",401,"Toxotes chatareus","Acanthomorphata","Toxotidae","Toxotes",3,"present","y",367548,"incertae_sedis_inherited","Toxotes_chatareus",NA,13
"402",402,"Trachurus japonicus","Carangiformes","Carangidae","Trachurus",3,"present","y",43502,"","Trachurus_japonicus",NA,25
"403",403,"Trichiurus lepturus","Scombriformes","Trichiuridae","Trichiurus",3,"present","",143398,"extinct","Trichiurus_lepturus",NA,18
"404",404,"Trichogaster fasciata","Anabantiformes","Osphronemidae","Trichogaster",3,"present","",1089987,"","Trichogaster_fasciata",NA,28
"405",405,"Trichopodus leerii","Anabantiformes","Osphronemidae","Trichopodus",3,"present","",785740,"","Trichopodus_leerii",NA,26.5
"406",406,"Trogloglanis pattersoni","Siluriformes","Ictaluridae","Trogloglanis",3,"present","y",3624008,"","Trogloglanis_pattersoni",NA,48
"407",407,"Utiaritichthys sennaebragai","Characiformes","Serrasalmidae","Utiaritichthys",3,"present","",3625952,"","Utiaritichthys_sennaebragai",NA,12.5
"408",408,"Xenomystus nigri","Osteoglossiformes","Notopteridae","Xenomystus",3,"present","",863129,"","Xenomystus_nigri",NA,4.5
"409",409,"Zanclus cornutus","Acanthuriformes","Zanclidae","Zanclus",3,"present","y",199070,"","Zanclus_cornutus",NA,14
"410",410,"Zebrasoma velifer","Acanthuriformes","Acanthuridae","Zebrasoma",3,"present","",3638940,"","Zebrasoma_velifer",NA,14
"411",411,"Zeus faber","Zeiformes","Zeidae","Zeus",3,"present","y",918920,"","Zeus_faber",NA,34
"412",412,"Platichthys flesus","Pleuronectiformes","Pleuronectidae","Platichthys",3,"present","y",408331,"","Platichthys_flesus",NA,50.5
"413",413,"Agoniates halecinus","Characiformes","Characidae","Agoniates",3.5,"present","",673669,"","Agoniates_halecinus",NA,10
"414",414,"Astyanax altiparanae","Characiformes","Characidae","Astyanax",3.5,"present","",466082,"","Astyanax_altiparanae",NA,26
"415",415,"Chalceus erythrurus","Characiformes","Chalceidae","Chalceus",3.5,"present","",990648,"","Chalceus_erythrurus",NA,17.5
"416",416,"Chionodraco hamatus","Perciformes","Channichthyidae","Chionodraco",3.5,"present","y",185365,"","Chionodraco_hamatus",NA,68
"417",417,"Cynodon gibbus","Characiformes","Characidae","Cynodon",3.5,"present","",545269,"","Cynodon_gibbus",NA,13
"418",418,"Dissostichus mawsoni","Perciformes","Nototheniidae","Dissostichus",3.5,"present","y",504786,"","Dissostichus_mawsoni",NA,68
"419",419,"Dolloidraco longedorsalis","Perciformes","Artedidraconidae","Dolloidraco",3.5,"present","y",268810,"","Dolloidraco_longedorsalis",NA,68
"420",420,"Hoplerythrinus unitaeniatus","Characiformes","Erythrinidae","Hoplerythrinus",3.5,"present","",719840,"","Hoplerythrinus_unitaeniatus",NA,14
"421",421,"Larimichthys crocea","Perciformes","Sciaenidae","Larimichthys",3.5,"present","y",679823,"","Larimichthys_crocea",NA,32.5
"422",422,"Lepisosteus osseus","Semionotiformes","Lepisosteidae","Lepisosteus",3.5,"present","y",519445,"","Lepisosteus_osseus",NA,39
"423",423,"Myloplus rubripinnis","Characiformes","Serrasalmidae","Myloplus",3.5,"present","",753357,"","Myloplus_rubripinnis",NA,13
"424",424,"Notothenia coriiceps","Perciformes","Nototheniidae","Notothenia",3.5,"present","y",258643,"","Notothenia_coriiceps",NA,68
"425",425,"Paraliparis devriesi","Perciformes","Liparidae","Paraliparis",3.5,"present","",3631818,"","Paraliparis_devriesi",NA,73
"426",426,"Pimelodus maculatus","Siluriformes","Pimelodidae","Pimelodus",3.5,"present","y",386663,"","Pimelodus_maculatus",NA,27
"427",427,"Rhoadsia altipinna","Characiformes","Characidae","Rhoadsia",3.5,"present","",3625978,"","Rhoadsia_altipinna",NA,37.5
"428",428,"Salminus hilarii","Characiformes","Bryconidae","Salminus",3.5,"present","",180301,"","Salminus_hilarii",NA,17.5
"429",429,"Satan eurystomus","Siluriformes","Ictaluridae","Satan",3.5,"present","",3624005,"","Satan_eurystomus",NA,48
"430",430,"Schizodon nasutus","Characiformes","Anostomidae","Schizodon",3.5,"present","",469757,"","Schizodon_nasutus",NA,27
"431",431,"Scorpaena porcus","Perciformes","Scorpaenidae","Scorpaena",3.5,"present","",223715,"","Scorpaena_porcus",NA,38.5
"432",432,"Tetragonopterus argenteus","Characiformes","Characidae","Tetragonopterus",3.5,"present","",282555,"","Tetragonopterus_argenteus",NA,15
"433",433,"Trematomus bernacchii","Perciformes","Nototheniidae","Trematomus",3.5,"present","y",985361,"","Trematomus_bernacchii",NA,68
"434",434,"Trematomus lepidorhinus","Perciformes","Nototheniidae","Trematomus",3.5,"present","",985371,"","Trematomus_lepidorhinus",NA,66
"435",435,"Trematomus loennbergii","Perciformes","Nototheniidae","Trematomus",3.5,"present","y",985377,"","Trematomus_loennbergii",NA,68
"436",436,"Amblyopsis spelaea","Percopsiformes","Amblyopsidae","Amblyopsis",1,"present","y",223533,"","Amblyopsis_spelaea",NA,48
"437",437,"Boleophthalmus pectinirostris","Gobiiformes","Gobiidae","Boleophthalmus",3,"present","y",47553,"","Boleophthalmus_pectinirostris",NA,32
"438",438,"Etroplus suratensis","Cichliformes","Cichlidae","Etroplus",1,"present","y",640316,"","Etroplus_suratensis",NA,17
"439",439,"Gadus morhua (species in domain Eukaryota)","Gadiformes","Gadidae","Gadus",0,"absent","y",114170,"","Gadus_morhua (species in domain Eukaryota)",NA,NA
"440",440,"Astronotus ocellatus","Cichliformes","Cichlidae","Astronotus",3,"present","",952936,"","Astronotus_ocellatus",NA,17.5
"441",441,"Andinoacara latifrons","Cichliformes","Cichlidae","Andinoacara",3,"present","",334264,"","Andinoacara_latifrons",NA,15.5
"442",442,"Rocio octofasciata","Cichliformes","Cichlidae","Rocio",3,"present","",570005,"","Rocio_octofasciata",NA,26.5
"443",443,"Heros severus","Cichliformes","Cichlidae","Heros",3,"present","",547065,"","Heros_severus",NA,7
"444",444,"Haplochromis sp.","Cichliformes","Cichlidae","Haplochromis",0,"absent","",737833,"not_otu, incertae_sedis","Haplochromis_sp.",NA,NA
"445",445,"Pelvicachromis taeniatus","Cichliformes","Cichlidae","Pelvicachromis",0,"absent","y",66663,"","Pelvicachromis_taeniatus",NA,8
"446",446,"Steatocranus casuarius","Cichliformes","Cichlidae","Steatocranus",0,"absent","",911145,"","Steatocranus_casuarius",NA,9
"447",447,"Melanochromis auratus","Cichliformes","Cichlidae","Melanochromis",0,"absent","y",855526,"","Melanochromis_auratus",NA,21
"448",448,"Oreochromis esculentus","Cichliformes","Cichlidae","Oreochromis",0,"absent","",406449,"sibling_higher","Oreochromis_esculentus",NA,5.5
"449",449,"Coptodon zillii","Cichliformes","Cichlidae","Coptodon",0,"absent","",862692,"","Coptodon_zillii",NA,8
"450",450,"Oreochromis spilurus","Cichliformes","Cichlidae","Oreochromis",0,"absent","y",5558327,"sibling_higher","Oreochromis_spilurus",NA,5.5
"451",451,"Tilapia sparrmanii","Cichliformes","Cichlidae","Tilapia",0,"absent","y",911151,"","Tilapia_sparrmanii",NA,13
"452",452,"Oreochromis variabilis","Cichliformes","Cichlidae","Oreochromis",0,"absent","",688559,"sibling_higher","Oreochromis_variabilis",NA,14.5
"453",453,"Tor putitora","Cypriniformes","Cyprinidae","Tor",NA,"present","",720179,"","Tor_putitora",NA,29
"454",454,"Gadella jordani","Gadiformes","Moridae","Gadella",3,"present","",89173,"","Gadella_jordani",NA,32.5
"455",455,"Gadus chalcogrammus","Gadiformes","Gadidae","Gadus",3,"present","y",1056842,"","Gadus_chalcogrammus",NA,53.5
"456",456,"Bregmaceros japonicus","Gadiformes","Bregmacerotidae","Bregmaceros",0,"absent","",3630525,"","Bregmaceros_japonicus",NA,28
"457",457,"Coelorinchus smithi","Gadiformes","Macrouridae","Coelorinchus",3,"present","",759483,"","Coelorinchus_smithi",NA,50
"458",458,"Opsanus beta","Batrachoidiformes","Batrachoididae","Opsanus",1,"present","y",478186,"","Opsanus_beta",NA,25
"459",459,"Delturus carinotus","Siluriformes","Loricariidae","Delturus",3,"present","",440099,"","Delturus_carinotus",NA,37.5
"460",460,"Pimelodus argenteus","Siluriformes","Pimelodidae","Pimelodus",3,"present","",987382,"","Pimelodus_argenteus",NA,27.5
"461",461,"Myoxocephalus scorpius","Perciformes","Cottidae","Myoxocephalus",3.5,"present","y",942655,"","Myoxocephalus_scorpius",NA,63.5
"462",462,"Zoarces viviparus","Perciformes","Zoarcidae","Zoarces",3.5,"present","y",752564,"","Zoarces_viviparus",NA,62
"463",463,"Callionymus lyra","Syngnathiformes","Callionymidae","Callionymus",3,"present","",795408,"","Callionymus_lyra",NA,46.5
"464",464,"Gobius niger","Gobiiformes","Gobiidae","Gobius",3,"present","y",1054967,"","Gobius_niger",NA,44.5
"465",465,"Symphodus melops","Labriformes","Labridae","Symphodus",4,"present","y",553191,"sibling_higher","Symphodus_melops",NA,46.5
"466",466,"Labrus bergylta","Labriformes","Labridae","Labrus",NA,"present","y",292710,"","Labrus_bergylta",NA,44.5
"467",467,"Liparis liparis","Perciformes","Liparidae","Liparis",3,"present","",566839,"","Liparis_liparis",NA,62
"468",468,"Pollachius virens","Gadiformes","Gadidae","Pollachius",4,"present","y",62649,"","Pollachius_virens",NA,62
"469",469,"Raniceps raninus","Gadiformes","Gadidae","Raniceps",1,"present","",659845,"","Raniceps_raninus",NA,61
"470",470,"Hippoglossus hippoglossus","Pleuronectiformes","Pleuronectidae","Hippoglossus",3.75,"present","y",408328,"","Hippoglossus_hippoglossus",NA,61
"471",471,"Merlangius merlangus","Gadiformes","Gadidae","Merlangius",3,"present","y",635911,"","Merlangius_merlangus",NA,60
"472",472,"Iniistius pavo","Labriformes","Labridae","Iniistius",NA,"present","",839457,"","Iniistius_pavo",NA,22
"473",473,"Raja asterias","Rajiformes","Rajidae","Raja",NA,"present","",884658,"","Raja_asterias",NA,42.5
"474",474,"Cobitis taenia","Cypriniformes","Cobitidae","Cobitis",0,"absent","",14761,"","Cobitis_taenia",NA,50.5
"475",475,"Lepadogaster lepadogaster","Blenniiformes","Gobiesocidae","Lepadogaster",0,"absent","",719435,"","Lepadogaster_lepadogaster",NA,41.5
"476",476,"Sinibotia reevesae","Cypriniformes","Botiidae","Sinibotia",1,"present","",3627672,"","Sinibotia_reevesae",NA,45
"477",477,"Silurus glanis","Siluriformes","Siluridae","Silurus",NA,"present","y",272344,"","Silurus_glanis",NA,50
"478",478,"Myxine glutinosa","Myxiniformes","Myxinidae","Myxine",0,"absent","",852683,"","Myxine_glutinosa",NA,60
"479",479,"Haplochromis burtoni","Cichliformes","Cichlidae","Haplochromis",NA,"present","y",710025,"sibling_higher","Haplochromis_burtoni",NA,NA
"480",480,"Scyliorhinus torazame","Carcharhiniformes","Scyliorhinidae","Scyliorhinus",3.5,"present","",266108,"","Scyliorhinus_torazame",NA,28
"481",481,"Oncorhynchus masou ishikawae","Salmoniformes","Salmonidae","Oncorhynchus",2,"present","y",982414,"infraspecific","Oncorhynchus_masou ishikawae",NA,NA
"482",482,"Hypomesus japonicus","Osmeriformes","Osmeridae","Hypomesus",3,"present","",664219,"","Hypomesus_japonicus",NA,54
"483",483,"Hexagrammos octogrammus","Perciformes","Hexagrammidae","Hexagrammos",3,"present","",185862,"","Hexagrammos_octogrammus",NA,48
"484",484,"Pungitius pungitius pungitius","Perciformes","Gasterosteidae","Pungitius",1,"present","",561267,"infraspecific","Pungitius_pungitius pungitius",NA,NA
"485",485,"Parupeneus multifasciatus","Syngnathiformes","Mullidae","Parupeneus",0,"absent","",295485,"","Parupeneus_multifasciatus",NA,13
"486",486,"Hippocampus barbouri","Syngnathiformes","Syngnathidae","Hippocampus",1,"present","y",279994,"","Hippocampus_barbouri",NA,17.5
"487",487,"Huso huso","Acipenseriformes","Acipenseridae","Huso",NA,"present","y",751886,"","Huso_huso",NA,46
"488",488,"Thunnus thynnus","Scombriformes","Scombridae","Thunnus",0,"absent","y",833184,"","Thunnus_thynnus",NA,42
"489",489,"Labeo rohita","Cypriniformes","Cyprinidae","Labeo",NA,"present","y",160616,"sibling_higher","Labeo_rohita",NA,19.5
"490",490,"Lates calcarifer","Acanthomorphata","Centropomidae","Lates",NA,"present","y",437601,"incertae_sedis_inherited","Lates_calcarifer",NA,13
"491",491,"Channa argus","Anabantiformes","Channidae","Channa",NA,"present","y",229205,"","Channa_argus",NA,38
"492",492,"Sparus aurata","Spariformes","Sparidae","Sparus",NA,"present","y",760723,"","Sparus_aurata",NA,42.5
"493",493,"Lateolabrax maculatus","Pempheriformes","Lateolabracidae","Lateolabrax",NA,"present","y",331155,"","Lateolabrax_maculatus",NA,NA
"494",494,"Oncorhynchus nerka","Salmoniformes","Salmonidae","Oncorhynchus",3,"present","y",165375,"","Oncorhynchus_nerka",NA,50.5
"495",495,"Oncorhynchus gorbuscha","Salmoniformes","Salmonidae","Oncorhynchus",1,"present","y",739927,"","Oncorhynchus_gorbuscha",NA,58.5
"496",496,"Oncorhynchus keta","Salmoniformes","Salmonidae","Oncorhynchus",1,"present","y",739921,"","Oncorhynchus_keta",NA,55.5
"497",497,"Salvelinus leucomaenis pluvius","Salmoniformes","Salmonidae","Salvelinus",3,"present","",688314,"infraspecific","Salvelinus_leucomaenis pluvius",NA,NA
"498",498,"Atractosteus tropicus","Semionotiformes","Lepisosteidae","Atractosteus",1,"present","",124014,"","Atractosteus_tropicus",NA,37.5
"499",499,"Eptatretus atami","Myxiniformes","Myxinidae","Eptatretus",0,"absent","",995305,"","Eptatretus_atami",NA,56
"500",500,"Macropodus opercularis","Anabantiformes","Osphronemidae","Macropodus",0,"absent","y",1033367,"","Macropodus_opercularis",NA,32.5
"501",501,"Gymnotus carapo","Gymnotiformes","Gymnotidae","Gymnotus",NA,"present","",445408,"","Gymnotus_carapo",NA,26
"502",502,"Parablennius incognitus","Blenniiformes","Blenniidae","Parablennius",NA,"present","",586329,"","Parablennius_incognitus",NA,41
"503",503,"Totoaba macdonaldi","Perciformes","Sciaenidae","Totoaba",3,"present","",750990,"","Totoaba_macdonaldi",NA,49
"504",504,"Ameiurus nebulosus","Siluriformes","Ictaluridae","Ameiurus",3,"present","",804481,"","Ameiurus_nebulosus",NA,48.5
"505",505,"Myxocyprinus asiaticus","Cypriniformes","Catostomidae","Myxocyprinus",NA,"present","y",141409,"","Myxocyprinus_asiaticus",NA,45
"506",506,"Oncorhynchus kisutch","Salmoniformes","Salmonidae","Oncorhynchus",3,"present","y",739917,"","Oncorhynchus_kisutch",NA,50
"507",507,"Ophiodon elongatus","Perciformes","Hexagrammidae","Ophiodon",3,"present","y",849032,"","Ophiodon_elongatus",NA,49
"508",508,"Rineloricaria heteroptera","Siluriformes","Loricariidae","Rineloricaria",0,"absent","",3622766,"","Rineloricaria_heteroptera",NA,17.5
"509",509,"Opsanus tau","Batrachoidiformes","Batrachoididae","Opsanus",3.5,"present","",62631,"","Opsanus_tau",NA,41
"510",510,"Periophthalmus modestus","Gobiiformes","Gobiidae","Periophthalmus",0,"absent","y",736100,"","Periophthalmus_modestus",NA,25
"511",511,"Odontobutis sinensis","Gobiiformes","Odontobutidae","Odontobutis",0,"absent","",755258,"","Odontobutis_sinensis",NA,45
"512",512,"Polypterus senegalus","Polypteriformes","Polypteridae","Polypterus",NA,"present","y",1064124,"","Polypterus_senegalus",NA,10
"513",513,"Salmo trutta fario","Salmoniformes","Salmonidae","Salmo",3.5,"present","",883834,"infraspecific","Salmo_trutta fario",NA,NA
"514",514,"Salmo trutta","Salmoniformes","Salmonidae","Salmo",NA,"present","y",688332,"","Salmo_trutta",NA,47
"515",515,"Salvelinus alpinus","Salmoniformes","Salmonidae","Salvelinus",NA,"present","y",688324,"","Salvelinus_alpinus",NA,63.5
"516",516,"Sander vitreus","Perciformes","Percidae","Sander",0,"absent","y",557687,"","Sander_vitreus",NA,48.5
"517",517,"Sebastes oblongus","Perciformes","Sebastidae","Sebastes",3.5,"present","y",778325,"sibling_higher","Sebastes_oblongus",NA,56
"518",518,"Chimaera phantasma","Chimaeriformes","Chimaeridae","Chimaera",NA,"present","",194652,"","Chimaera_phantasma",NA,28
"519",519,"Mustelus manazo","Carcharhiniformes","Triakidae","Mustelus",NA,"present","",573813,"","Mustelus_manazo",NA,31
"520",520,"Etmopterus brachyurus","Squaliformes","Etmopteridae","Etmopterus",NA,"present","",624099,"","Etmopterus_brachyurus",NA,32
"521",521,"Centroscymnus coelolepis","Squaliformes","Somniosidae","Centroscymnus",NA,"present","",304656,"","Centroscymnus_coelolepis",NA,45
"522",522,"Centroscymnus owstoni","Squaliformes","Somniosidae","Centroscymnus",NA,"present","",745562,"","Centroscymnus_owstoni",NA,NA
"523",523,"Deania hystricosa","Squaliformes","Centrophoridae","Deania",NA,"present","",832506,"","Deania_hystricosa",NA,68
"524",524,"Centrophorus squamosus","Squaliformes","Centrophoridae","Centrophorus",NA,"present","",449785,"","Centrophorus_squamosus",NA,39
"525",525,"Okamejei kenojei","Rajiformes","Rajidae","Okamejei",NA,"present","",167107,"","Okamejei_kenojei",NA,34
"526",526,"Aluterus scriptus","Tetraodontiformes","Monacanthidae","Aluterus",NA,"present","",959206,"","Aluterus_scriptus",NA,18.5
"527",527,"Xiphophorus maculatus","Cyprinodontiformes","Poeciliidae","Xiphophorus",0,"absent","y",416852,"","Xiphophorus_maculatus",NA,30
"528",528,"Corydoras acutus","Siluriformes","Callichthyidae","Corydoras",0,"absent","",360624,"","Corydoras_acutus",NA,17.5
"529",529,"Trichogenes longipinnis","Siluriformes","Trichomycteridae","Trichogenes",0,"absent","",817998,"","Trichogenes_longipinnis",NA,37.5
"530",530,"Anabas testudineus","Anabantiformes","Anabantidae","Anabas",NA,"present","y",896431,"","Anabas_testudineus",NA,13
"531",531,"Latimeria chalumnae","Coelacanthiformes","Latimeriidae","Latimeria",0.5,"present","",773491,"","Latimeria_chalumnae",NA,32
"532",532,"Austrolebias charrua","Cyprinodontiformes","Rivulidae","Austrolebias",0,"absent","y",688711,"","Austrolebias_charrua",NA,31
"533",533,"Aethotaxis mitopteryx","Perciformes/Notothenioidei","Nototheniidae","Aethotaxis",1,"present","",303038,"extinct_inherited, incertae_sedis","Aethotaxis_mitopteryx",NA,68
"534",534,"Distichodus affinis","Characiformes","Distichodontidae","Distichodus",1,"present","",912276,"","Distichodus_affinis",NA,4
"535",535,"Percalates colonorum","Centrarchiformes","Percalatidae","Percalates",1,"present","y",538644,"","Percalates_colonorum",NA,26
"536",536,"Austrolebias affinis","Cyprinodontiformes","Rivulidae","Austrolebias",3,"present","",1018474,"","Austrolebias_affinis",NA,23
"537",537,"Hydrolagus colliei","Chimaeriformes","Chimaeridae","Hydrolagus",3,"present","",29493,"extinct_inherited, incertae_sedis","Hydrolagus_colliei",NA,48
"538",538,"Kryptolebias marmoratus","Cyprinodontiformes","Rivulidae","Kryptolebias",0,"absent","y",229709,"","Kryptolebias_marmoratus",NA,19
