"","Species","Order","Family","Genus","SV3","presence","genome.assembly","ott_id","flags","tips"
"1","Ariopsis seemanni","Siluriformes","Ariidae","Ariopsis",0,"absent","y",704267,"","Ariopsis_seemanni"
"2","Bovichtus diacanthus","Perciformes/Notothenioidei","Bovichtidae","Bovichtus",1,"present","y",842177,"","Bovichtus_diacanthus"
"3","Cottoperca trigloides","Perciformes/Notothenioidei","Bovichtidae","Cottoperca",0,"absent","",3635394,"","Cottoperca_trigloides"
"4","Gymnarchus niloticus","Osteoglossiformes","Gymnarchidae","Gymnarchus",0,"absent","y",115490,"","Gymnarchus_niloticus"
"5","Oreochromis mossambicus","Cichliformes","Cichlidae","Oreochromis",0,"absent","y",288069,"sibling_higher","Oreochromis_mossambicus"
"6","Rhyacichthys aspro","Gobiiformes","Rhyacichthyidae","Rhyacichthys",0,"absent","y",652242,"","Rhyacichthys_aspro"
"7","Amia calva","Amiiformes","Amiidae","Amia",3,"present","y",329623,"","Amia_calva"
"8","Anableps anableps","Cyprinodontiformes","Anablepidae","Anableps",0,"absent","y",349121,"","Anableps_anableps"
"9","Aphyocharax anisitsi","Characiformes","Characidae","Aphyocharax",0,"absent","",852942,"","Aphyocharax_anisitsi"
"10","Aphyocharax dentatus","Characiformes","Characidae","Aphyocharax",0,"absent","",13154,"","Aphyocharax_dentatus"
"11","Arapaima gigas","Osteoglossiformes","Arapaimidae","Arapaima",0,"absent","y",335725,"","Arapaima_gigas"
"12","Astyanax jordani","Characiformes","Characidae","Astyanax",0,"absent","",1044706,"","Astyanax_jordani"
"13","Austrolebias charrua","Cyprinodontiformes","Rivulidae","Austrolebias",0,"absent","y",688711,"","Austrolebias_charrua"
"14","Belonesox belizanus","Cyprinodontiformes","Poeciliidae","Belonesox",0,"absent","",913297,"","Belonesox_belizanus"
"15","Betta splendens","Anabantiformes","Osphronemidae","Betta",0,"absent","",1033356,"","Betta_splendens"
"16","Boulengerella cuvieri","Characiformes","Ctenoluciidae","Boulengerella",0,"absent","",3625788,"","Boulengerella_cuvieri"
"17","Danio rerio","Cypriniformes","Danionidae","Danio",0,"absent","",1005914,"","Danio_rerio"
"18","Caenotropus labyrinthicus","Characiformes","Chilodontidae","Caenotropus",0,"absent","",546967,"","Caenotropus_labyrinthicus"
"19","Carassius auratus","Cypriniformes","Cyprinidae","Carassius",1,"present","y",1005907,"","Carassius_auratus"
"20","Carassius carassius","Cypriniformes","Cyprinidae","Carassius",0,"absent","",1010092,"","Carassius_carassius"
"21","Channa micropeltes","Anabantiformes","Channidae","Channa",0,"absent","",332862,"","Channa_micropeltes"
"22","Channa punctata","Anabantiformes","Channidae","Channa",0,"absent","",1008460,"","Channa_punctata"
"23","Characidium fasciatum","Characiformes","Crenuchidae","Characidium",0,"absent","",442774,"","Characidium_fasciatum"
"24","Charax leticiae","Characiformes","Characidae","Charax",0,"absent","",1091396,"","Charax_leticiae"
"25","Citharinus latus","Characiformes","Citharinidae","Citharinus",0,"absent","",3624471,"","Citharinus_latus"
"26","Cobitis biwae","Cypriniformes","Cobitidae","Cobitis",0,"absent","",638827,"","Cobitis_biwae"
"27","Cobitis",NA,NA,NA,0,"absent","",584643,"","Cobitis"
"28","Cololabis saira","Beloniformes","Scomberesocidae","Cololabis",0,"absent","y",427511,"","Cololabis_saira"
"29","Corydoras paleatus","Siluriformes","Callichthyidae","Corydoras",0,"absent","",267119,"","Corydoras_paleatus"
"30","Ctenolucius hujeta","Characiformes","Ctenoluciidae","Ctenolucius",0,"absent","",990661,"","Ctenolucius_hujeta"
"31","Cheilopogon heterurus","Beloniformes","Exocoetidae","Cheilopogon",0,"absent","",850211,"","Cheilopogon_heterurus"
"32","Dermogenys pusilla","Beloniformes","Zenarchopteridae","Dermogenys",0,"absent","",139152,"","Dermogenys_pusilla"
"33","Dicentrarchus labrax","Eupercaria/misc","Moronidae","Dicentrarchus",3,"present","y",3549,"","Dicentrarchus_labrax"
"34","Diplomystes mesembrinus",NA,NA,NA,1,"present","",536094,"","Diplomystes_mesembrinus"
"35","Dipnoi",NA,NA,NA,0,"absent","",29500,"sibling_higher","Dipnoi"
"36","Electrophorus electricus","Gymnotiformes","Gymnotidae","Electrophorus",0,"absent","y",216168,"","Electrophorus_electricus"
"37","Erpetoichthys calabaricus","Polypteriformes","Polypteridae","Erpetoichthys",0,"absent","y",451269,"","Erpetoichthys_calabaricus"
"38","Esox lucius","Esociformes","Esocidae","Esox",0,"absent","y",739941,"","Esox_lucius"
"39","Exodon paradoxus","Characiformes","Characidae","Exodon",0,"absent","",335632,"","Exodon_paradoxus"
"40","Glossolepis incisus",NA,NA,NA,0,"absent","",976546,"","Glossolepis_incisus"
"41","Nimbochromis venustus","Cichliformes","Cichlidae","Nimbochromis",0,"absent","",888881,"","Nimbochromis_venustus"
"42","Helostoma temminkii",NA,NA,NA,0,"absent","",754856,"","Helostoma_temminkii"
"43","Hemichromis guttatus",NA,NA,NA,0,"absent","",839353,"","Hemichromis_guttatus"
"44","Hemitilapia oxyrhynchus","Cichliformes","Cichlidae","Hemitilapia",0,"absent","",720886,"","Hemitilapia_oxyrhynchus"
"45","Hepsetus odoe","Characiformes","Hepsetidae","Hepsetus",3,"present","y",128234,"","Hepsetus_odoe"
"46","Heterocharax leptogrammus","Characiformes","Acestrorhynchidae","Heterocharax",0,"absent","",3624837,"","Heterocharax_leptogrammus"
"47","Heterotis niloticus","Osteoglossiformes","Arapaimidae","Heterotis",0,"absent","y",916703,"","Heterotis_niloticus"
"48","Hypoatherina valenciennei","Atheriniformes","Atherinidae","Hypoatherina",0,"absent","",828581,"","Hypoatherina_valenciennei"
"49","Hyporhamphus sajori","Beloniformes","Hemiramphidae","Hyporhamphus",0,"absent","",496667,"","Hyporhamphus_sajori"
"50","Iguanodectes spilurus","Characiformes","Iguanodectidae","Iguanodectes",0,"absent","",3625587,"","Iguanodectes_spilurus"
"51","Jordanella floridae","Cyprinodontiformes","Cyprinodontidae","Jordanella",0,"absent","",82326,"","Jordanella_floridae"
"52","Neolamprologus brichardi","Cichliformes","Cichlidae","Neolamprologus",0,"absent","",279935,"","Neolamprologus_brichardi"
"53","Lepisosteus platyrhincus","Lepisosteiformes","Lepisosteidae","Lepisosteus",0,"absent","",804455,"","Lepisosteus_platyrhincus"
"54","Luciocephalus pulcher","Anabantiformes","Osphronemidae","Luciocephalus",0,"absent","",377745,"","Luciocephalus_pulcher"
"55","Metynnis hypsauchen","Characiformes","Serrasalmidae","Metynnis",1.5,"present","",506575,"","Metynnis_hypsauchen"
"56","Metynnis lippincottianus","Characiformes","Serrasalmidae","Metynnis",0,"absent","",1095505,"","Metynnis_lippincottianus"
"57","Mimagoniates rheocharis","Characiformes","Characidae","Mimagoniates",0,"absent","",328359,"","Mimagoniates_rheocharis"
"58","Misgurnus anguillicaudatus","Cypriniformes","Cobitidae","Misgurnus",0,"absent","y",312382,"","Misgurnus_anguillicaudatus"
"59","Moenkhausia xinguensis","Characiformes","Characidae","Moenkhausia",0,"absent","",1095527,"","Moenkhausia_xinguensis"
"60","Monopterus albus","Synbranchiformes","Synbranchidae","Monopterus",0,"absent","y",655999,"","Monopterus_albus"
"61","Phoxinus oxycephalus jouyi",NA,NA,NA,0,"absent","",343644,"infraspecific","Phoxinus_oxycephalus jouyi"
"62","Myleus setiger","Characiformes","Serrasalmidae","Myleus",0,"absent","",985120,"","Myleus_setiger"
"63","Neolebias unifasciatus","Characiformes","Distichodontidae","Neolebias",0,"absent","",3624643,"","Neolebias_unifasciatus"
"64","Nothobranchius palmqvisti","Cyprinodontiformes","Nothobranchiidae","Nothobranchius",0,"absent","",3641410,"","Nothobranchius_palmqvisti"
"65","Nannostomus beckfordi","Characiformes","Lebiasinidae","Nannostomus",0,"absent","",486012,"","Nannostomus_beckfordi"
"66","Oligosarcus pintoi","Characiformes","Characidae","Oligosarcus",0,"absent","",3624795,"","Oligosarcus_pintoi"
"67","Oryzias latipes","Beloniformes","Adrianichthyidae","Oryzias",0,"absent","y",942673,"","Oryzias_latipes"
"68","Osteoglossum bicirrhosum","Osteoglossiformes","Osteoglossidae","Osteoglossum",0,"absent","y",279997,"","Osteoglossum_bicirrhosum"
"69","Pantodon buchholzi","Osteoglossiformes","Pantodontidae","Pantodon",0,"absent","",108350,"","Pantodon_buchholzi"
"70","Paracheirodon axelrodi","Characiformes","Characidae","Paracheirodon",0,"absent","",949795,"","Paracheirodon_axelrodi"
"71","Phoxinus phoxinus","Cypriniformes","Leuciscidae","Phoxinus",0,"absent","y",1019917,"","Phoxinus_phoxinus"
"72","Piaractus mesopotamicus","Characiformes","Serrasalmidae","Piaractus",0,"absent","y",24652,"","Piaractus_mesopotamicus"
"73","Pimelodus pictus","Siluriformes","Pimelodidae","Pimelodus",0,"absent","",488963,"","Pimelodus_pictus"
"74","Poecilia reticulata","Cyprinodontiformes","Poeciliidae","Poecilia",0,"absent","y",312452,"","Poecilia_reticulata"
"75","Poecilia latipinna","Cyprinodontiformes","Poeciliidae","Poecilia",0,"absent","y",998174,"","Poecilia_latipinna"
"76","Probolodus heterostomus",NA,NA,NA,0,"absent","",719847,"","Probolodus_heterostomus"
"77","Prochilodus lineatus","Characiformes","Prochilodontidae","Prochilodus",0,"absent","",1027734,"","Prochilodus_lineatus"
"78","Rhinogobius flumineus","Gobiiformes","Gobiidae","Rhinogobius",1,"present","",518755,"","Rhinogobius_flumineus"
"79","Rhodeus ocellatus","Cypriniformes","Acheilognathidae","Rhodeus",0,"absent","",887027,"","Rhodeus_ocellatus"
"80","Roeboides descalvadensis","Characiformes","Characidae","Roeboides",0,"absent","",1077236,"","Roeboides_descalvadensis"
"81","Roeboides myersii","Characiformes","Characidae","Roeboides",0,"absent","",282557,"","Roeboides_myersii"
"82","Roeboides prognathus","Characiformes","Characidae","Roeboides",0,"absent","",3624826,"","Roeboides_prognathus"
"83","Scleropages jardinii","Osteoglossiformes","Osteoglossidae","Scleropages",0,"absent","",335719,"","Scleropages_jardinii"
"84","Serrapinnus notomelas","Characiformes","Characidae","Serrapinnus",0,"absent","",199867,"","Serrapinnus_notomelas"
"85","Serrasalmus rhombeus","Characiformes","Serrasalmidae","Serrasalmus",0,"absent","",382210,"","Serrasalmus_rhombeus"
"86","Sternopygus macrurus","Gymnotiformes","Sternopygidae","Sternopygus",0,"absent","",729097,"","Sternopygus_macrurus"
"87","Strongylura anastomella","Beloniformes","Belonidae","Strongylura",0,"absent","",703667,"","Strongylura_anastomella"
"88","Stygichthys typhlops","Characiformes","Characidae","Stygichthys",0,"absent","",2695,"incertae_sedis_inherited","Stygichthys_typhlops"
"89","Marosatherina ladigesi","Atheriniformes","Telmatherinidae","Marosatherina",0,"absent","",296889,"","Marosatherina_ladigesi"
"90","Oreochromis niloticus","Cichliformes","Cichlidae","Oreochromis",0,"absent","",288063,"sibling_higher","Oreochromis_niloticus"
"91","Pseudaspius hakonensis","Cypriniformes","Leuciscidae","Pseudaspius",0,"absent","",372585,"","Pseudaspius_hakonensis"
"92","Triportheus nematurus","Characiformes","Triportheidae","Triportheus",0,"absent","",48234,"","Triportheus_nematurus"
"93","Xenentodon cancila","Beloniformes","Belonidae","Xenentodon",0,"absent","y",549052,"","Xenentodon_cancila"
"94","Astyanax mexicanus","Characiformes","Characidae","Astyanax",3.5,"present","y",701518,"","Astyanax_mexicanus"
"95","Biotoecus opercularis","Cichliformes","Cichlidae","Biotoecus",0,"absent","",3636363,"","Biotoecus_opercularis"
"96","Teleocichla proselytus","Cichliformes","Cichlidae","Teleocichla",0,"absent","",493822,"","Teleocichla_proselytus"
"97","Apistogramma borellii","Cichliformes","Cichlidae","Apistogramma",0,"absent","",3636296,"","Apistogramma_borellii"
"98","Taeniacara candidi","Cichliformes","Cichlidae","Taeniacara",0,"absent","",128244,"","Taeniacara_candidi"
"99","Mikrogeophagus ramirezi","Cichliformes","Cichlidae","Mikrogeophagus",0,"absent","",316392,"","Mikrogeophagus_ramirezi"
"100","Gymnogeophagus balzanii","Cichliformes","Cichlidae","Gymnogeophagus",0,"absent","",416755,"","Gymnogeophagus_balzanii"
"101","Gymnogeophagus meridionalis","Cichliformes","Cichlidae","Gymnogeophagus",0,"absent","",450053,"","Gymnogeophagus_meridionalis"
"102","Crenicara punctulatum",NA,NA,NA,0,"absent","",461830,"","Crenicara_punctulatum"
"103","Dicrossus warzeli","Cichliformes","Cichlidae","Dicrossus",0,"absent","",3636430,"","Dicrossus_warzeli"
"104","Hemichromis bimaculatus",NA,NA,NA,0,"absent","",312269,"","Hemichromis_bimaculatus"
"105","Cottus carolinae","Perciformes/Cottoidei","Cottidae","Cottus",0,"absent","",466859,"","Cottus_carolinae"
"106","Latimeria chalumnae","Coelacanthiformes","Latimeriidae","Latimeria",0.5,"present","",773491,"","Latimeria_chalumnae"
"107","Microschemobrycon callops","Characiformes","Characidae","Microschemobrycon",0.5,"present","",3625570,"","Microschemobrycon_callops"
"108","Cyprinus carpio","Cypriniformes","Cyprinidae","Cyprinus",1,"present","y",429083,"","Cyprinus_carpio"
"109","Leuciscus idus","Cypriniformes","Leuciscidae","Leuciscus",1,"present","y",41137,"","Leuciscus_idus"
"110","Mugil cephalus","Mugiliformes","Mugilidae","Mugil",3,"present","y",418648,"","Mugil_cephalus"
"111","Acipenser gueldenstaedtii","Acipenseriformes","Acipenseridae","Acipenser",1,"present","y",378912,"","Acipenser_gueldenstaedtii"
"112","Acipenser transmontanus","Acipenseriformes","Acipenseridae","Acipenser",1,"present","y",378925,"","Acipenser_transmontanus"
"113","Aethotaxis mitopteryx","Perciformes/Notothenioidei","Nototheniidae","Aethotaxis",1,"present","",303038,"extinct_inherited, incertae_sedis","Aethotaxis_mitopteryx"
"114","Anguilla anguilla","Anguilliformes","Anguillidae","Anguilla",2,"present","y",854201,"","Anguilla_anguilla"
"115","Anguilla rostrata","Anguilliformes","Anguillidae","Anguilla",1,"present","y",854212,"","Anguilla_rostrata"
"116","Anthias anthias","Perciformes/Serranoidei","Anthiadidae","Anthias",1,"present","y",1012253,"","Anthias_anthias"
"117","Apteronotus albifrons","Gymnotiformes","Apteronotidae","Apteronotus",1,"present","",789557,"","Apteronotus_albifrons"
"118","Badis badis","Anabantiformes","Badidae","Badis",1,"present","",989135,"","Badis_badis"
"119","Lipolagus ochotensis","Argentiniformes","Bathylagidae","Lipolagus",1,"present","",562640,"","Lipolagus_ochotensis"
"120","Chromobotia macracanthus","Cypriniformes","Botiidae","Chromobotia",1,"present","",225526,"","Chromobotia_macracanthus"
"121","Bovichtus variegatus","Perciformes/Notothenioidei","Bovichtidae","Bovichtus",1,"present","y",448844,"","Bovichtus_variegatus"
"122","Carnegiella marthae","Characiformes","Gasteropelecidae","Carnegiella",1,"present","",94214,"","Carnegiella_marthae"
"123","Ceratoscopelus warmingii","Myctophiformes","Myctophidae","Ceratoscopelus",1,"present","",866187,"","Ceratoscopelus_warmingii"
"124","Chaetodon miliaris","Acanthuriformes","Chaetodontidae","Chaetodon",1,"present","",766706,"","Chaetodon_miliaris"
"125","Chaetodon multicinctus","Acanthuriformes","Chaetodontidae","Chaetodon",1,"present","",766709,"","Chaetodon_multicinctus"
"126","Chalceus guaporensis","Characiformes","Chalceidae","Chalceus",1,"present","",3624886,"","Chalceus_guaporensis"
"127","Champsocephalus gunnari","Perciformes/Notothenioidei","Channichthyidae","Champsocephalus",1,"present","y",684007,"","Champsocephalus_gunnari"
"128","Gymnogobius urotaenia","Gobiiformes","Gobiidae","Gymnogobius",1,"present","",279775,"","Gymnogobius_urotaenia"
"129","Colossoma macropomum","Characiformes","Serrasalmidae","Colossoma",1,"present","y",24678,"","Colossoma_macropomum"
"130","Coreoperca kawamebari","Centrarchiformes","Sinipercidae","Coreoperca",1,"present","",105922,"","Coreoperca_kawamebari"
"131","Ctenopharyngodon idella","Cypriniformes","Xenocyprididae","Ctenopharyngodon",1,"present","",1005936,"","Ctenopharyngodon_idella"
"132","Cyclothone atraria","Stomiiformes","Gonostomatidae","Cyclothone",1,"present","",127379,"","Cyclothone_atraria"
"133","Cyprinion macrostomum",NA,NA,NA,1,"present","",493927,"","Cyprinion_macrostomum"
"134","Dasyatis akajei",NA,NA,NA,1,"present","",225332,"sibling_higher","Dasyatis_akajei"
"135","Diplophos taenia","Stomiiformes","Gonostomatidae","Diplophos",1,"present","",350314,"","Diplophos_taenia"
"136","Distichodus affinis","Characiformes","Distichodontidae","Distichodus",1,"present","",912276,"","Distichodus_affinis"
"137","Echeneis naucrates","Carangiformes","Echeneidae","Echeneis",1,"present","y",776562,"","Echeneis_naucrates"
"138","Eigenmannia virescens","Gymnotiformes","Sternopygidae","Eigenmannia",1,"present","",437387,"","Eigenmannia_virescens"
"139","Eleginops maclovinus","Perciformes/Notothenioidei","Eleginopidae","Eleginops",3,"present","y",816883,"","Eleginops_maclovinus"
"140","Engraulis japonicus","Clupeiformes","Engraulidae","Engraulis",1,"present","y",690902,"","Engraulis_japonicus"
"141","Etroplus maculatus",NA,NA,NA,1,"present","",493427,"","Etroplus_maculatus"
"142","Etrumeus teres",NA,NA,NA,1,"present","",681340,"","Etrumeus_teres"
"143","Eutropiichthys vacha","Siluriformes","Schilbeidae","Eutropiichthys",1,"present","",350498,"","Eutropiichthys_vacha"
"144","Oreochromis",NA,NA,NA,1,"present","",336599,"","Oreochromis"
"145","Gasteropelecus sternicla","Characiformes","Gasteropelecidae","Gasteropelecus",1,"present","",514221,"","Gasteropelecus_sternicla"
"146","Gastromyzon borneensis","Cypriniformes","Gastromyzontidae","Gastromyzon",1,"present","",3627855,"","Gastromyzon_borneensis"
"147","Geophagus sveni","Cichliformes","Cichlidae","Geophagus",1,"present","",3636351,"","Geophagus_sveni"
"148","Glyptothorax pectinopterus","Siluriformes","Sisoridae","Glyptothorax",1,"present","",3621869,"","Glyptothorax_pectinopterus"
"149","Gnathopogon caerulescens","Cypriniformes","Gobionidae","Gnathopogon",1,"present","",325187,"","Gnathopogon_caerulescens"
"150","Gobionotothen gibberifrons","Perciformes/Notothenioidei","Nototheniidae","Gobionotothen",1,"present","y",448828,"","Gobionotothen_gibberifrons"
"151","Goeldiella eques","Siluriformes","Heptapteridae","Goeldiella",1,"present","",502078,"","Goeldiella_eques"
"152","Sigmops gracilis","Stomiiformes","Gonostomatidae","Sigmops",1,"present","",648959,"","Sigmops_gracilis"
"153","Gymnocephalus cernua","Perciformes/Percoidei","Percidae","Gymnocephalus",1,"present","y",104323,"","Gymnocephalus_cernua"
"154","Harpagifer georgianus","Perciformes/Notothenioidei","Harpagiferidae","Harpagifer",1,"present","",350788,"","Harpagifer_georgianus"
"155","Hemibarbus barbus",NA,NA,NA,1,"present","",655295,"","Hemibarbus_barbus"
"156","Hoplias malabaricus","Characiformes","Erythrinidae","Hoplias",1,"present","y",179348,"","Hoplias_malabaricus"
"157","Hypostomus plecostomus","Siluriformes","Loricariidae","Hypostomus",1,"present","",96090,"","Hypostomus_plecostomus"
"158","Ictalurus punctatus","Siluriformes","Ictaluridae","Ictalurus",1,"present","y",701523,"","Ictalurus_punctatus"
"159","Idiacanthus antrostomus","Stomiiformes","Stomiidae","Idiacanthus",1,"present","",890166,"","Idiacanthus_antrostomus"
"160","Katsuwonus pelamis","Scombriformes","Scombridae","Katsuwonus",1,"present","",308754,"","Katsuwonus_pelamis"
"161","Konosirus punctatus","Clupeiformes","Dorosomatidae","Konosirus",1,"present","",39743,"","Konosirus_punctatus"
"162","Kryptopterus bicirrhis","Siluriformes","Siluridae","Kryptopterus",1,"present","",896070,"","Kryptopterus_bicirrhis"
"163","Lepidonotothen larseni",NA,NA,NA,1,"present","y",969899,"","Lepidonotothen_larseni"
"164","Lestrolepis intermedia","Aulopiformes","Lestidiidae","Lestrolepis",1,"present","",1057256,"","Lestrolepis_intermedia"
"165","Leucopsarion petersii","Gobiiformes","Gobiidae","Leucopsarion",1,"present","",331701,"","Leucopsarion_petersii"
"166","Liza parsia",NA,NA,NA,1,"present","",728954,"","Liza_parsia"
"167","Luciogobius guttatus","Gobiiformes","Gobiidae","Luciogobius",1,"present","",868320,"","Luciogobius_guttatus"
"168","Micropterus salmoides","Centrarchiformes","Centrarchidae","Micropterus",2,"present","y",230493,"","Micropterus_salmoides"
"169","Mylesinus paucisquamatus","Characiformes","Serrasalmidae","Mylesinus",1,"present","",506578,"","Mylesinus_paucisquamatus"
"170","Myleus torquatus",NA,NA,NA,1,"present","",3625318,"","Myleus_torquatus"
"171","Notothenia angustata","Perciformes/Notothenioidei","Nototheniidae","Notothenia",1,"present","",781788,"","Notothenia_angustata"
"172","Odontobutis obscura",NA,NA,NA,1,"present","",599816,"","Odontobutis_obscura"
"173","Ompok bimaculatus","Siluriformes","Siluridae","Ompok",1,"present","",670820,"","Ompok_bimaculatus"
"174","Ophthalmolycus amberensis","Perciformes/Zoarcoidei","Zoarcidae","Ophthalmolycus",1,"present","y",31294,"","Ophthalmolycus_amberensis"
"175","Opsariichthys uncirostris","Cypriniformes","Xenocyprididae","Opsariichthys",1,"present","",26746,"","Opsariichthys_uncirostris"
"176","Parachaenichthys charcoti","Perciformes/Notothenioidei","Bathydraconidae","Parachaenichthys",1,"present","",185362,"","Parachaenichthys_charcoti"
"177","Paracheirodon innesi","Characiformes","Characidae","Paracheirodon",1,"present","",783059,"","Paracheirodon_innesi"
"178","Paranotothenia magellanica","Perciformes/Notothenioidei","Nototheniidae","Paranotothenia",1,"present","",229704,"","Paranotothenia_magellanica"
"179","Patagonotothen ramsayi","Perciformes/Notothenioidei","Nototheniidae","Patagonotothen",1,"present","",525441,"","Patagonotothen_ramsayi"
"180","Perca fluviatilis","Perciformes/Percoidei","Percidae","Perca",1,"present","y",186488,"","Perca_fluviatilis"
"181","Percalates colonorum","Centrarchiformes","Percalatidae","Percalates",1,"present","y",538644,"","Percalates_colonorum"
"182","Periophthalmus nov",NA,NA,NA,1,"present","",7651176,"","Periophthalmus_nov"
"183","Phenacogrammus interruptus","Characiformes","Alestidae","Phenacogrammus",1,"present","y",259776,"","Phenacogrammus_interruptus"
"184","Plecoglossus altivelis","Osmeriformes","Plecoglossidae","Plecoglossus",2,"present","y",486933,"","Plecoglossus_altivelis"
"185","Pseudaphritis urvillii","Perciformes/Notothenioidei","Pseudaphritidae","Pseudaphritis",1,"present","y",292713,"","Pseudaphritis_urvillii"
"186","Pseudogobio esocinus","Cypriniformes","Gobionidae","Pseudogobio",1,"present","",424407,"","Pseudogobio_esocinus"
"187","Pseudorasbora parva","Cypriniformes","Gobionidae","Pseudorasbora",1,"present","y",205442,"","Pseudorasbora_parva"
"188","Pungtungia herzi","Cypriniformes","Gobionidae","Pungtungia",1,"present","",523420,"","Pungtungia_herzi"
"189","Pygocentrus piraya","Characiformes","Serrasalmidae","Pygocentrus",1,"present","",900299,"","Pygocentrus_piraya"
"190","Pygocentrus nattereri","Characiformes","Serrasalmidae","Pygocentrus",2,"present","y",649803,"","Pygocentrus_nattereri"
"191","Racovitzia glacialis","Perciformes/Notothenioidei","Bathydraconidae","Racovitzia",1,"present","",217712,"","Racovitzia_glacialis"
"192","Rhinogobius brunneus","Gobiiformes","Gobiidae","Rhinogobius",1,"present","",238894,"","Rhinogobius_brunneus"
"193","Salangichthys microdon","Osmeriformes","Salangidae","Salangichthys",1,"present","",348842,"","Salangichthys_microdon"
"194","Salmo salar","Salmoniformes","Salmonidae","Salmo",3,"present","y",688328,"","Salmo_salar"
"195","Sarcocheilichthys variegatus","Cypriniformes","Gobionidae","Sarcocheilichthys",1,"present","",333930,"","Sarcocheilichthys_variegatus"
"196","Sardinella zunasi","Clupeiformes","Dorosomatidae","Sardinella",1,"present","",39728,"","Sardinella_zunasi"
"197","Sardinops melanostictus",NA,NA,NA,1,"present","",318896,"","Sardinops_melanostictus"
"198","Ischikauia steenackeri","Cypriniformes","Xenocyprididae","Ischikauia",1,"present","",84197,"","Ischikauia_steenackeri"
"199","Silurus asotus","Siluriformes","Siluridae","Silurus",1,"present","y",967323,"","Silurus_asotus"
"200","Steindachnerina brevipinna","Characiformes","Curimatidae","Steindachnerina",1,"present","",3624501,"","Steindachnerina_brevipinna"
"201","Synodontis nigriventris","Siluriformes","Mochokidae","Synodontis",1,"present","",315243,"","Synodontis_nigriventris"
"202","Takifugu alboplumbeus","Tetraodontiformes","Tetraodontidae","Takifugu",2,"present","",465414,"","Takifugu_alboplumbeus"
"203","Tridentiger obscurus","Gobiiformes","Gobiidae","Tridentiger",1,"present","",98404,"","Tridentiger_obscurus"
"204","Vinciguerria nimbaria","Stomiiformes","Phosichthyidae","Vinciguerria",1,"present","",652358,"","Vinciguerria_nimbaria"
"205","Vomeridens infuscipinnis","Perciformes/Notothenioidei","Bathydraconidae","Vomeridens",1,"present","y",280419,"","Vomeridens_infuscipinnis"
"206","Zacco platypus","Cypriniformes","Xenocyprididae","Zacco",1,"present","y",652452,"","Zacco_platypus"
"207","Nipponocypris temminckii","Cypriniformes","Xenocyprididae","Nipponocypris",1,"present","",361232,"","Nipponocypris_temminckii"
"208","Satanoperca acuticeps","Cichliformes","Cichlidae","Satanoperca",1,"present","",784676,"","Satanoperca_acuticeps"
"209","Biotodoma cupido","Cichliformes","Cichlidae","Biotodoma",1,"present","",667005,"","Biotodoma_cupido"
"210","Geophagus iporangensis","Cichliformes","Cichlidae","Geophagus",1,"present","",3636359,"","Geophagus_iporangensis"
"211","Guianacara dacrya","Cichliformes","Cichlidae","Guianacara",1,"present","",3636364,"","Guianacara_dacrya"
"212","Mazarunia mazarunii","Cichliformes","Cichlidae","Mazarunia",1,"present","",8413,"","Mazarunia_mazarunii"
"213","Geophagus steindachneri","Cichliformes","Cichlidae","Geophagus",2,"present","",87568,"","Geophagus_steindachneri"
"214","Amphilophus citrinellus","Cichliformes","Cichlidae","Amphilophus",1,"present","y",358037,"sibling_higher","Amphilophus_citrinellus"
"215","Coptodon rendalli","Cichliformes","Cichlidae","Coptodon",1,"present","y",288060,"","Coptodon_rendalli"
"216","Cynotilapia afra","Cichliformes","Cichlidae","Cynotilapia",1,"present","",132192,"","Cynotilapia_afra"
"217","Chelon labrosus","Mugiliformes","Mugilidae","Chelon",2,"present","y",777079,"","Chelon_labrosus"
"218","Acanthogobius flavimanus","Gobiiformes","Gobiidae","Acanthogobius",1.5,"present","",705150,"","Acanthogobius_flavimanus"
"219","Acestrorhynchus altus","Characiformes","Acestrorhynchidae","Acestrorhynchus",1.5,"present","",845247,"","Acestrorhynchus_altus"
"220","Acipenser ruthenus","Acipenseriformes","Acipenseridae","Acipenser",2.25,"present","y",378930,"","Acipenser_ruthenus"
"221","Bunocephalus coracoideus","Siluriformes","Aspredinidae","Bunocephalus",1.5,"present","",693715,"","Bunocephalus_coracoideus"
"222","Catoprion mento","Characiformes","Serrasalmidae","Catoprion",1.5,"present","",597343,"","Catoprion_mento"
"223","Chilodus punctatus","Characiformes","Chilodontidae","Chilodus",1.5,"present","",442783,"","Chilodus_punctatus"
"224","Glossogobius olivaceus","Gobiiformes","Gobiidae","Glossogobius",1.5,"present","",80171,"","Glossogobius_olivaceus"
"225","Gyrinocheilus aymonieri","Cypriniformes","Gyrinocheilidae","Gyrinocheilus",1.5,"present","",341392,"","Gyrinocheilus_aymonieri"
"226","Hippocampus coronatus","Syngnathiformes","Syngnathidae","Hippocampus",1.5,"present","",503882,"","Hippocampus_coronatus"
"227","Macrognathus aculeatus","Synbranchiformes","Mastacembelidae","Macrognathus",1.5,"present","",758692,"","Macrognathus_aculeatus"
"228","Malapterurus electricus","Siluriformes","Malapteruridae","Malapterurus",1.5,"present","",566351,"","Malapterurus_electricus"
"229","Mastacembelus erythrotaenia","Synbranchiformes","Mastacembelidae","Mastacembelus",1.5,"present","",633395,"","Mastacembelus_erythrotaenia"
"230","Plotosus lineatus","Siluriformes","Plotosidae","Plotosus",1.5,"present","y",949069,"","Plotosus_lineatus"
"231","Tridentiger trigonocephalus","Gobiiformes","Gobiidae","Tridentiger",1.5,"present","",98400,"","Tridentiger_trigonocephalus"
"232","Dissostichus eleginoides","Perciformes/Notothenioidei","Nototheniidae","Dissostichus",3,"present","y",1040385,"","Dissostichus_eleginoides"
"233","Salvelinus fontinalis","Salmoniformes","Salmonidae","Salvelinus",3,"present","y",688339,"","Salvelinus_fontinalis"
"234","Abudefduf abdominalis","Ovalentaria/misc","Pomacentridae","Abudefduf",3,"present","",809329,"incertae_sedis_inherited","Abudefduf_abdominalis"
"235","Acanthopagrus schlegelii","Eupercaria/misc","Sparidae","Acanthopagrus",3,"present","",380194,"","Acanthopagrus_schlegelii"
"236","Acestrorhynchus falcatus","Characiformes","Acestrorhynchidae","Acestrorhynchus",3,"present","",845253,"","Acestrorhynchus_falcatus"
"237","Acipenser baerii","Acipenseriformes","Acipenseridae","Acipenser",3.25,"present","",518827,"","Acipenser_baerii"
"238","Acipenser fulvescens","Acipenseriformes","Acipenseridae","Acipenser",3,"present","",698270,"","Acipenser_fulvescens"
"239","Acnodon normani","Characiformes","Serrasalmidae","Acnodon",3,"present","",179103,"","Acnodon_normani"
"240","Aeoliscus strigatus","Syngnathiformes","Centriscidae","Aeoliscus",3,"present","y",652346,"incertae_sedis_inherited","Aeoliscus_strigatus"
"241","Agamyxis pectinifrons","Siluriformes","Doradidae","Agamyxis",3,"present","",50909,"","Agamyxis_pectinifrons"
"242","Akarotaxis nudiceps","Perciformes/Notothenioidei","Bathydraconidae","Akarotaxis",3.25,"present","y",682053,"","Akarotaxis_nudiceps"
"243","Allenbatrachus grunniens","Batrachoidiformes","Batrachoididae","Allenbatrachus",3,"present","",706464,"","Allenbatrachus_grunniens"
"244","Amphiprion clarkii","Ovalentaria/misc","Pomacentridae","Amphiprion",3,"present","y",674637,"incertae_sedis_inherited","Amphiprion_clarkii"
"245","Anguilla japonica","Anguilliformes","Anguillidae","Anguilla",3,"present","y",854198,"","Anguilla_japonica"
"246","Anoplopoma fimbria","Perciformes/Cottoidei","Anoplopomatidae","Anoplopoma",3,"present","y",441856,"","Anoplopoma_fimbria"
"247","Arctoscopus japonicus","Perciformes/Uranoscopoidei","Trichodontidae","Arctoscopus",3,"present","",883978,"","Arctoscopus_japonicus"
"248","Asterropteryx semipunctata","Gobiiformes","Gobiidae","Asterropteryx",3,"present","",37552,"","Asterropteryx_semipunctata"
"249","Austrolebias affinis","Cyprinodontiformes","Rivulidae","Austrolebias",3,"present","",1018474,"","Austrolebias_affinis"
"250","Barbus petenyi","Cypriniformes","Cyprinidae","Barbus",3,"present","",763568,"","Barbus_petenyi"
"251","Bathygobius fuscus","Gobiiformes","Gobiidae","Bathygobius",3,"present","",877729,"","Bathygobius_fuscus"
"252","Batrochoglanis raninus","Siluriformes","Pseudopimelodidae","Batrochoglanis",3,"present","",9881,"","Batrochoglanis_raninus"
"253","Brycon orbignyanus","Characiformes","Bryconidae","Brycon",3,"present","",206748,"","Brycon_orbignyanus"
"254","Centropyge bispinosa","Acanthuriformes","Pomacanthidae","Centropyge",3,"present","",439843,"","Centropyge_bispinosa"
"255","Chaca chaca","Siluriformes","Chacidae","Chaca",3,"present","",45408,"","Chaca_chaca"
"256","Chaetodon vagabundus","Acanthuriformes","Chaetodontidae","Chaetodon",3,"present","",655872,"","Chaetodon_vagabundus"
"257","Channa sp.",NA,NA,NA,3,"present","",983868,"not_otu","Channa_sp."
"258","Chrysiptera cyanea","Ovalentaria/misc","Pomacentridae","Chrysiptera",3,"present","y",43505,"incertae_sedis_inherited","Chrysiptera_cyanea"
"259","Cichlasoma dimerus","Cichliformes","Cichlidae","Cichlasoma",3,"present","",607611,"sibling_higher","Cichlasoma_dimerus"
"260","Thorichthys meeki","Cichliformes","Cichlidae","Thorichthys",3,"present","",207017,"","Thorichthys_meeki"
"261","Conger myriaster","Anguilliformes","Congridae","Conger",3,"present","",479867,"","Conger_myriaster"
"262","Coregonus lavaretus","Salmoniformes","Salmonidae","Coregonus",3,"present","y",872355,"","Coregonus_lavaretus"
"263","Coryphaena hippurus","Carangiformes","Coryphaenidae","Coryphaena",3,"present","",223663,"","Coryphaena_hippurus"
"264","Cottus pollux","Perciformes/Cottoidei","Cottidae","Cottus",3,"present","",1000752,"","Cottus_pollux"
"265","Cruciglanis pacifici","Siluriformes","Pseudopimelodidae","Cruciglanis",3,"present","",3624195,"","Cruciglanis_pacifici"
"266","Ctenopoma acutirostre","Anabantiformes","Anabantidae","Ctenopoma",3,"present","",774818,"","Ctenopoma_acutirostre"
"267","Dascyllus aruanus","Ovalentaria/misc","Pomacentridae","Dascyllus",3,"present","",49239,"incertae_sedis_inherited","Dascyllus_aruanus"
"268","Decapterus maruadsi","Carangiformes","Carangidae","Decapterus",3,"present","y",766162,"","Decapterus_maruadsi"
"269","Dictyosoma burgeri","Perciformes/Zoarcoidei","Stichaeidae","Dictyosoma",3,"present","",783192,"","Dictyosoma_burgeri"
"270","Ditrema temminckii","Ovalentaria/misc","Embiotocidae","Ditrema",3,"present","",43516,"incertae_sedis_inherited","Ditrema_temminckii"
"271","Doederleinia berycoides","Acropomatiformes","Acropomatidae","Doederleinia",3,"present","",1005375,"","Doederleinia_berycoides"
"272","Pholis nebulosa","Perciformes/Zoarcoidei","Pholidae","Pholis",3,"present","",1084060,"","Pholis_nebulosa"
"273","Entomacrodus stellifer","Blenniiformes","Blenniidae","Entomacrodus",3,"present","",3639477,"","Entomacrodus_stellifer"
"274","Eopsetta grigorjewi","Pleuronectiformes","Pleuronectidae","Eopsetta",3,"present","",331920,"","Eopsetta_grigorjewi"
"275","Hyporthodus septemfasciatus","Perciformes/Serranoidei","Epinephelidae","Hyporthodus",3,"present","",481019,"","Hyporthodus_septemfasciatus"
"276","Epinephelus coioides","Perciformes/Serranoidei","Epinephelidae","Epinephelus",3.25,"present","y",457795,"","Epinephelus_coioides"
"277","Favonigobius gymnauchen","Gobiiformes","Gobiidae","Favonigobius",3,"present","",100808,"","Favonigobius_gymnauchen"
"278","Pseudanthias squamipinnis","Perciformes/Serranoidei","Anthiadidae","Pseudanthias",3,"present","",26905,"","Pseudanthias_squamipinnis"
"279","Gadus macrocephalus","Gadiformes","Gadidae","Gadus",3,"present","y",56885,"","Gadus_macrocephalus"
"280","Gasterosteus aculeatus","Perciformes/Gasterosteoidei","Gasterosteidae","Gasterosteus",3,"present","y",401066,"","Gasterosteus_aculeatus"
"281","Gasterosteus aculeatus aculeatus",NA,NA,NA,3,"present","y",111122,"infraspecific","Gasterosteus_aculeatus aculeatus"
"282","Girella punctata","Centrarchiformes","Girellidae","Girella",3,"present","",188324,"","Girella_punctata"
"283","Glossanodon semifasciatus","Argentiniformes","Argentinidae","Glossanodon",3,"present","",562634,"","Glossanodon_semifasciatus"
"284","Gnathonemus petersii","Osteoglossiformes","Mormyridae","Gnathonemus",3,"present","",115478,"","Gnathonemus_petersii"
"285","Gymnocorymbus ternetzi","Characiformes","Characidae","Gymnocorymbus",3,"present","",783051,"","Gymnocorymbus_ternetzi"
"286","Gymnodraco acuticeps","Perciformes/Notothenioidei","Bathydraconidae","Gymnodraco",3.5,"present","y",781785,"","Gymnodraco_acuticeps"
"287","Gymnotus pantherinus","Gymnotiformes","Gymnotidae","Gymnotus",3,"present","",445404,"","Gymnotus_pantherinus"
"288","Parajulis poecilepterus","Eupercaria/misc","Labridae","Parajulis",3,"present","",127504,"","Parajulis_poecilepterus"
"289","Halichoeres tenuispinis","Eupercaria/misc","Labridae","Halichoeres",3,"present","",1095891,"","Halichoeres_tenuispinis"
"290","Batrachomoeus trispinosus","Batrachoidiformes","Batrachoididae","Batrachomoeus",3,"present","",713029,"","Batrachomoeus_trispinosus"
"291","Hemiodus semitaeniatus","Characiformes","Hemiodontidae","Hemiodus",3,"present","",3624386,"","Hemiodus_semitaeniatus"
"292","Hemiodus sterni","Characiformes","Hemiodontidae","Hemiodus",3,"present","",3624388,"","Hemiodus_sterni"
"293","Hexagrammos agrammus","Perciformes/Cottoidei","Hexagrammidae","Hexagrammos",3,"present","",185865,"","Hexagrammos_agrammus"
"294","Hippocampus guttulatus","Syngnathiformes","Syngnathidae","Hippocampus",3,"present","y",630164,"","Hippocampus_guttulatus"
"295","Hypodytes rubripinnis",NA,NA,NA,3,"present","y",463550,"","Hypodytes_rubripinnis"
"296","Hypomesus nipponensis","Osmeriformes","Osmeridae","Hypomesus",3,"present","y",37114,"","Hypomesus_nipponensis"
"297","Lagocephalus wheeleri","Tetraodontiformes","Tetraodontidae","Lagocephalus",3,"present","",986276,"","Lagocephalus_wheeleri"
"298","Lateolabrax japonicus","Acropomatiformes","Lateolabracidae","Lateolabrax",3,"present","",186480,"","Lateolabrax_japonicus"
"299","Pseudomystus siamensis","Siluriformes","Bagridae","Pseudomystus",3,"present","",566357,"","Pseudomystus_siamensis"
"300","Nuchequula nuchalis","Acanthuriformes","Leiognathidae","Nuchequula",3,"present","",89840,"","Nuchequula_nuchalis"
"301","Lepidotrigla microptera","Perciformes/Scorpaenoidei","Triglidae","Lepidotrigla",3,"present","",438423,"","Lepidotrigla_microptera"
"302","Lepomis macrochirus","Centrarchiformes","Centrarchidae","Lepomis",3,"present","y",836783,"","Lepomis_macrochirus"
"303","Leporinus fasciatus","Characiformes","Anostomidae","Leporinus",3,"present","",546980,"","Leporinus_fasciatus"
"304","Rutilus rutilus","Cypriniformes","Leuciscidae","Rutilus",3,"present","",421037,"","Rutilus_rutilus"
"305","Pseudopleuronectes yokohamae","Pleuronectiformes","Pleuronectidae","Pseudopleuronectes",3,"present","",608831,"","Pseudopleuronectes_yokohamae"
"306","Planiliza haematocheilus","Mugiliformes","Mugilidae","Planiliza",3,"present","",963124,"","Planiliza_haematocheilus"
"307","Inimicus japonicus","Perciformes/Scorpaenoidei","Synanceiidae","Inimicus",3,"present","",301023,"","Inimicus_japonicus"
"308","Lophiosilurus alexandri","Siluriformes","Pseudopimelodidae","Lophiosilurus",3,"present","",498407,"","Lophiosilurus_alexandri"
"309","Lophius litulon","Lophiiformes","Lophiidae","Lophius",3,"present","",607757,"","Lophius_litulon"
"310","Sander lucioperca","Perciformes/Percoidei","Percidae","Sander",3,"present","y",557682,"","Sander_lucioperca"
"311","Microcanthus strigatus","Centrarchiformes","Microcanthidae","Microcanthus",3,"present","",188292,"","Microcanthus_strigatus"
"312","Microglanis cottoides","Siluriformes","Pseudopimelodidae","Microglanis",3,"present","",3624176,"","Microglanis_cottoides"
"313","Monodactylus argenteus","Eupercaria/misc","Monodactylidae","Monodactylus",3,"present","",763919,"","Monodactylus_argenteus"
"314","Mormyrus kannume","Osteoglossiformes","Mormyridae","Mormyrus",3,"present","",3643916,"","Mormyrus_kannume"
"315","Chitala chitala","Osteoglossiformes","Notopteridae","Chitala",3,"present","",863123,"","Chitala_chitala"
"316","Notopterus notopterus","Osteoglossiformes","Notopteridae","Notopterus",3,"present","",904617,"","Notopterus_notopterus"
"317","Oncorhynchus masou","Salmoniformes","Salmonidae","Oncorhynchus",3,"present","",982404,"","Oncorhynchus_masou"
"318","Oncorhynchus mykiss (species in domain Eukaryota)",NA,NA,NA,3.25,"present","y",165368,"","Oncorhynchus_mykiss (species in domain Eukaryota)"
"319","Oncorhynchus masou masou",NA,NA,NA,3,"present","y",207835,"infraspecific","Oncorhynchus_masou masou"
"320","Ophisurus macrorhynchos","Anguilliformes","Ophichthidae","Ophisurus",3,"present","",65747,"","Ophisurus_macrorhynchos"
"321","Oplegnathus fasciatus","Centrarchiformes","Oplegnathidae","Oplegnathus",3,"present","y",711801,"","Oplegnathus_fasciatus"
"322","Osphronemus goramy","Anabantiformes","Osphronemidae","Osphronemus",3,"present","",612525,"","Osphronemus_goramy"
"323","Oxycirrhites typus","Centrarchiformes","Cirrhitidae","Oxycirrhites",3,"present","",702709,"","Oxycirrhites_typus"
"324","Pagothenia borchgrevinki","Perciformes/Notothenioidei","Nototheniidae","Pagothenia",3,"present","y",781792,"","Pagothenia_borchgrevinki"
"325","Pagrus major","Eupercaria/misc","Sparidae","Pagrus",3,"present","y",765344,"","Pagrus_major"
"326","Pangasius polyuranodon","Siluriformes","Pangasiidae","Pangasius",3,"present","",199220,"","Pangasius_polyuranodon"
"327","Papyrocranus afer","Osteoglossiformes","Notopteridae","Papyrocranus",3,"present","",239121,"","Papyrocranus_afer"
"328","Paralichthys olivaceus","Pleuronectiformes","Paralichthyidae","Paralichthys",3,"present","y",883392,"","Paralichthys_olivaceus"
"329","Parapercis sexfasciata","Perciformes/Uranoscopoidei","Pinguipedidae","Parapercis",3,"present","",132534,"","Parapercis_sexfasciata"
"330","Paraplagusia japonica","Pleuronectiformes","Cynoglossidae","Paraplagusia",3,"present","",126710,"","Paraplagusia_japonica"
"331","Parapristipoma trilineatum","Eupercaria/misc","Haemulidae","Parapristipoma",3,"present","",64274,"","Parapristipoma_trilineatum"
"332","Parupeneus barberinoides","Mulliformes","Mullidae","Parupeneus",3,"present","",758968,"","Parupeneus_barberinoides"
"333","Parablennius yatabei","Blenniiformes","Blenniidae","Parablennius",3,"present","",155048,"","Parablennius_yatabei"
"334","Ophichthus zophistius",NA,NA,NA,3,"present","",483995,"","Ophichthus_zophistius"
"335","Platycephalus indicus","Perciformes/Scorpaenoidei","Platycephalidae","Platycephalus",3,"present","",599906,"","Platycephalus_indicus"
"336","Pleuragramma antarctica",NA,NA,NA,3,"present","",303042,"","Pleuragramma_antarctica"
"337","Pleuronichthys cornutus","Pleuronectiformes","Pleuronectidae","Pleuronichthys",3,"present","",891078,"","Pleuronichthys_cornutus"
"338","Pogonophryne scotti","Perciformes/Notothenioidei","Artedidraconidae","Pogonophryne",3,"present","",659897,"","Pogonophryne_scotti"
"339","Polypterus bichir","Polypteriformes","Polypteridae","Polypterus",3,"present","",735234,"","Polypterus_bichir"
"340","Porichthys notatus","Batrachoidiformes","Batrachoididae","Porichthys",3.5,"present","",720409,"","Porichthys_notatus"
"341","Pterophyllum scalare","Cichliformes","Cichlidae","Pterophyllum",3,"present","",220929,"","Pterophyllum_scalare"
"342","Psenopsis anomala","Scombriformes","Centrolophidae","Psenopsis",3,"present","",137653,"","Psenopsis_anomala"
"343","Pseudoblennius percoides","Perciformes/Cottoidei","Cottidae","Pseudoblennius",3,"present","",3632196,"","Pseudoblennius_percoides"
"344","Pseudolabrus japonicus","Eupercaria/misc","Labridae","Pseudolabrus",3,"present","",823202,"","Pseudolabrus_japonicus"
"345","Pseudopimelodus bufonius","Siluriformes","Pseudopimelodidae","Pseudopimelodus",3,"present","",61474,"","Pseudopimelodus_bufonius"
"346","Pseudopimelodus mangurus","Siluriformes","Pseudopimelodidae","Pseudopimelodus",3,"present","",61478,"","Pseudopimelodus_mangurus"
"347","Pterogobius elapoides","Gobiiformes","Gobiidae","Pterogobius",3,"present","",173379,"","Pterogobius_elapoides"
"348","Pterogobius virgo","Gobiiformes","Gobiidae","Pterogobius",3,"present","",173385,"","Pterogobius_virgo"
"349","Pteragogus flagellifer","Eupercaria/misc","Labridae","Pteragogus",3,"present","",351871,"","Pteragogus_flagellifer"
"350","Pyrrhulina australis","Characiformes","Lebiasinidae","Pyrrhulina",3,"present","",435753,"","Pyrrhulina_australis"
"351","Rastrelliger brachysoma","Scombriformes","Scombridae","Rastrelliger",3,"present","",916275,"","Rastrelliger_brachysoma"
"352","Repomucenus richardsonii",NA,NA,NA,3,"present","",473931,"","Repomucenus_richardsonii"
"353","Oncorhynchus mykiss gairdneri",NA,NA,NA,3,"present","",57412,"infraspecific","Oncorhynchus_mykiss gairdneri"
"354","Oncorhynchus mykiss irideus",NA,NA,NA,3,"present","",578312,"infraspecific","Oncorhynchus_mykiss irideus"
"355","Salvelinus leucomaenis","Salmoniformes","Salmonidae","Salvelinus",3,"present","",688317,"","Salvelinus_leucomaenis"
"356","Sargocentron sp.",NA,NA,NA,3,"present","",983871,"not_otu, incertae_sedis","Sargocentron_sp."
"357","Saurida undosquamis","Aulopiformes","Synodontidae","Saurida",3,"present","",802170,"","Saurida_undosquamis"
"358","Scatophagus argus","Acanthuriformes","Scatophagidae","Scatophagus",3,"present","",773212,"","Scatophagus_argus"
"359","Scomber japonicus","Scombriformes","Scombridae","Scomber",3,"present","y",70556,"","Scomber_japonicus"
"360","Sebastes inermis","Perciformes/Scorpaenoidei","Sebastidae","Sebastes",3,"present","",767460,"sibling_higher","Sebastes_inermis"
"361","Sebastes schlegelii","Perciformes/Scorpaenoidei","Sebastidae","Sebastes",3,"present","",206127,"sibling_higher","Sebastes_schlegelii"
"362","Sebastes hubbsi","Perciformes/Scorpaenoidei","Sebastidae","Sebastes",3,"present","y",778320,"sibling_higher","Sebastes_hubbsi"
"363","Sebastiscus marmoratus","Perciformes/Scorpaenoidei","Sebastidae","Sebastiscus",3,"present","",986386,"","Sebastiscus_marmoratus"
"364","Seriola quinqueradiata","Carangiformes","Carangidae","Seriola",3,"present","y",186469,"","Seriola_quinqueradiata"
"365","Serrasalmus maculatus","Characiformes","Serrasalmidae","Serrasalmus",3,"present","",900276,"","Serrasalmus_maculatus"
"366","Siganus fuscescens","Acanthuriformes","Siganidae","Siganus",3,"present","y",927037,"","Siganus_fuscescens"
"367","Sillago japonica","Eupercaria/misc","Sillaginidae","Sillago",3,"present","",56114,"","Sillago_japonica"
"368","Solea senegalensis","Pleuronectiformes","Soleidae","Solea",3,"present","y",366998,"","Solea_senegalensis"
"369","Sphaeramia nematoptera","Kurtiformes","Apogonidae","Sphaeramia",3,"present","",799234,"","Sphaeramia_nematoptera"
"370","Sphyraena pinguis","Carangaria/misc","Sphyraenidae","Sphyraena",3,"present","",691678,"incertae_sedis_inherited","Sphyraena_pinguis"
"371","Steindachneridion parahybae","Siluriformes","Pimelodidae","Steindachneridion",3,"present","",297574,"","Steindachneridion_parahybae"
"372","Stephanolepis cirrhifer","Tetraodontiformes","Monacanthidae","Stephanolepis",3,"present","",191033,"","Stephanolepis_cirrhifer"
"373","Symphysodon aequifasciata",NA,NA,NA,3,"present","",220923,"","Symphysodon_aequifasciata"
"374","Syngnathus schlegeli","Syngnathiformes","Syngnathidae","Syngnathus",3,"present","",259361,"","Syngnathus_schlegeli"
"375","Takifugu pardalis","Tetraodontiformes","Tetraodontidae","Takifugu",3,"present","",407058,"","Takifugu_pardalis"
"376","Takifugu xanthopterus","Tetraodontiformes","Tetraodontidae","Takifugu",3,"present","",139541,"","Takifugu_xanthopterus"
"377","Tetraodon fluviatilis",NA,NA,NA,3,"present","",120277,"","Tetraodon_fluviatilis"
"378","Thamnaconus modestus","Tetraodontiformes","Monacanthidae","Thamnaconus",3,"present","",793159,"","Thamnaconus_modestus"
"379","Toxotes jaculatrix","Carangaria/misc","Toxotidae","Toxotes",3,"present","",712588,"incertae_sedis_inherited","Toxotes_jaculatrix"
"380","Trachurus japonicus","Carangiformes","Carangidae","Trachurus",3,"present","y",43502,"","Trachurus_japonicus"
"381","Trichiurus lepturus","Scombriformes","Trichiuridae","Trichiurus",3,"present","",143398,"extinct","Trichiurus_lepturus"
"382","Trichopodus leerii","Anabantiformes","Osphronemidae","Trichopodus",3,"present","",785740,"","Trichopodus_leerii"
"383","Trogloglanis pattersoni","Siluriformes","Ictaluridae","Trogloglanis",3,"present","y",3624008,"","Trogloglanis_pattersoni"
"384","Utiaritichthys sennaebragai","Characiformes","Serrasalmidae","Utiaritichthys",3,"present","",3625952,"","Utiaritichthys_sennaebragai"
"385","Xenomystus nigri","Osteoglossiformes","Notopteridae","Xenomystus",3,"present","",863129,"","Xenomystus_nigri"
"386","Zanclus cornutus","Acanthuriformes","Zanclidae","Zanclus",3,"present","y",199070,"","Zanclus_cornutus"
"387","Zebrasoma velifer","Acanthuriformes","Acanthuridae","Zebrasoma",3,"present","",3638940,"","Zebrasoma_velifer"
"388","Zeus faber","Zeiformes","Zeidae","Zeus",3,"present","y",918920,"","Zeus_faber"
"389","Cichlasoma paranaense","Cichliformes","Cichlidae","Cichlasoma",3,"present","",167686,"sibling_higher","Cichlasoma_paranaense"
"390","Acaronia nassa","Cichliformes","Cichlidae","Acaronia",3,"present","",170137,"","Acaronia_nassa"
"391","Bujurquina vittata","Cichliformes","Cichlidae","Bujurquina",3,"present","y",498815,"","Bujurquina_vittata"
"392","Chaetobranchus flavescens","Cichliformes","Cichlidae","Chaetobranchus",3,"present","",744497,"","Chaetobranchus_flavescens"
"393","Parachromis managuensis","Cichliformes","Cichlidae","Parachromis",3,"present","y",797202,"","Parachromis_managuensis"
"394","Cichla kelberi","Cichliformes","Cichlidae","Cichla",3,"present","",187228,"","Cichla_kelberi"
"395","Toxotes chatareus","Carangaria/misc","Toxotidae","Toxotes",3,"present","y",367548,"incertae_sedis_inherited","Toxotes_chatareus"
"396","Chionodraco hamatus","Perciformes/Notothenioidei","Channichthyidae","Chionodraco",3.5,"present","y",185365,"","Chionodraco_hamatus"
"397","Dolloidraco longedorsalis","Perciformes/Notothenioidei","Artedidraconidae","Dolloidraco",3.5,"present","y",268810,"","Dolloidraco_longedorsalis"
"398","Trematomus loennbergii","Perciformes/Notothenioidei","Nototheniidae","Trematomus",3.5,"present","y",985377,"","Trematomus_loennbergii"
"399","Trematomus bernacchii","Perciformes/Notothenioidei","Nototheniidae","Trematomus",3.5,"present","y",985361,"","Trematomus_bernacchii"
"400","Agoniates halecinus","Characiformes","Triportheidae","Agoniates",3.5,"present","",673669,"","Agoniates_halecinus"
"401","Astyanax altiparanae","Characiformes","Characidae","Astyanax",3.5,"present","",466082,"","Astyanax_altiparanae"
"402","Cephalosilurus fowleri","Siluriformes","Pseudopimelodidae","Cephalosilurus",3.5,"present","",3624192,"","Cephalosilurus_fowleri"
"403","Chalceus erythrurus","Characiformes","Chalceidae","Chalceus",3.5,"present","",990648,"","Chalceus_erythrurus"
"404","Cynodon gibbus","Characiformes","Cynodontidae","Cynodon",3.5,"present","",545269,"","Cynodon_gibbus"
"405","Diplodus sargus","Eupercaria/misc","Sparidae","Diplodus",3.5,"present","y",239665,"","Diplodus_sargus"
"406","Dissostichus mawsoni","Perciformes/Notothenioidei","Nototheniidae","Dissostichus",3.5,"present","y",504786,"","Dissostichus_mawsoni"
"407","Hoplerythrinus unitaeniatus","Characiformes","Erythrinidae","Hoplerythrinus",3.5,"present","",719840,"","Hoplerythrinus_unitaeniatus"
"408","Larimichthys crocea","Eupercaria/misc","Sciaenidae","Larimichthys",3.5,"present","y",679823,"","Larimichthys_crocea"
"409","Lepisosteus osseus","Lepisosteiformes","Lepisosteidae","Lepisosteus",3.5,"present","y",519445,"","Lepisosteus_osseus"
"410","Myloplus rubripinnis","Characiformes","Serrasalmidae","Myloplus",3.5,"present","",753357,"","Myloplus_rubripinnis"
"411","Notothenia coriiceps","Perciformes/Notothenioidei","Nototheniidae","Notothenia",3.5,"present","y",258643,"","Notothenia_coriiceps"
"412","Paraliparis devriesi","Perciformes/Cottoidei","Liparidae","Paraliparis",3.5,"present","",3631818,"","Paraliparis_devriesi"
"413","Pimelodus maculatus","Siluriformes","Pimelodidae","Pimelodus",3.5,"present","y",386663,"","Pimelodus_maculatus"
"414","Rhoadsia altipinna","Characiformes","Characidae","Rhoadsia",3.5,"present","",3625978,"","Rhoadsia_altipinna"
"415","Salminus hilarii","Characiformes","Bryconidae","Salminus",3.5,"present","",180301,"","Salminus_hilarii"
"416","Satan eurystomus","Siluriformes","Ictaluridae","Satan",3.5,"present","",3624005,"","Satan_eurystomus"
"417","Schizodon nasutus","Characiformes","Anostomidae","Schizodon",3.5,"present","",469757,"","Schizodon_nasutus"
"418","Scorpaena porcus","Perciformes/Scorpaenoidei","Scorpaenidae","Scorpaena",3.5,"present","",223715,"","Scorpaena_porcus"
"419","Scyliorhinus canicula","Carcharhiniformes","Scyliorhinidae","Scyliorhinus",3.5,"present","",1026500,"","Scyliorhinus_canicula"
"420","Tetragonopterus argenteus","Characiformes","Characidae","Tetragonopterus",3.5,"present","",282555,"","Tetragonopterus_argenteus"
"421","Trematomus lepidorhinus","Perciformes/Notothenioidei","Nototheniidae","Trematomus",3.5,"present","",985371,"","Trematomus_lepidorhinus"
"422","Salminus brasiliensis","Characiformes","Bryconidae","Salminus",NA,"present","y",419009,"","Salminus_brasiliensis"
"423","Scophthalmus maximus","Pleuronectiformes","Scophthalmidae","Scophthalmus",NA,"present","y",778695,"","Scophthalmus_maximus"
"424","Apareiodon affinis","Characiformes","Parodontidae","Apareiodon",NA,"present","",533482,"","Apareiodon_affinis"
"425","Cottoperca gobio","Perciformes/Notothenioidei","Bovichtidae","Cottoperca",NA,"present","y",867530,"","Cottoperca_gobio"
"426","Epinephelus adscensionis","Perciformes/Serranoidei","Epinephelidae","Epinephelus",NA,"present","",534151,"","Epinephelus_adscensionis"
"427","Pseudopleuronectes americanus","Pleuronectiformes","Pleuronectidae","Pseudopleuronectes",NA,"present","y",261419,"","Pseudopleuronectes_americanus"
"428","Sphoeroides rubripes",NA,NA,NA,NA,"present","",3631199,"","Sphoeroides_rubripes"
"429","Acarichthys heckelii","Cichliformes","Cichlidae","Acarichthys",NA,"present","",16170,"","Acarichthys_heckelii"
"430","Aequidens plagiozonatus","Cichliformes","Cichlidae","Aequidens",NA,"present","",3636223,"","Aequidens_plagiozonatus"
